static const unsigned int rk_un_ccc[][3] = { {0x300,0x314,230}, {0x315,0x315,232}, {0x316,0x319,220}, {0x31A,0x31A,232}, {0x31B,0x31B,216}, {0x31C,0x320,220}, {0x321,0x322,202}, {0x323,0x326,220},
    {0x327,0x328,202}, {0x329,0x333,220}, {0x334,0x338,1}, {0x339,0x33C,220}, {0x33D,0x344,230}, {0x345,0x345,240}, {0x346,0x346,230}, {0x347,0x349,220}, {0x34A,0x34C,230}, {0x34D,0x34E,220}, {0x350,
    0x352,230}, {0x353,0x356,220}, {0x357,0x357,230}, {0x358,0x358,232}, {0x359,0x35A,220}, {0x35B,0x35B,230}, {0x35C,0x35C,233}, {0x35D,0x35E,234}, {0x35F,0x35F,233}, {0x360,0x361,234}, {0x362,0x362,
    233}, {0x363,0x36F,230}, {0x483,0x487,230}, {0x591,0x591,220}, {0x592,0x595,230}, {0x596,0x596,220}, {0x597,0x599,230}, {0x59A,0x59A,222}, {0x59B,0x59B,220}, {0x59C,0x5A1,230}, {0x5A2,0x5A7,220},
    {0x5A8,0x5A9,230}, {0x5AA,0x5AA,220}, {0x5AB,0x5AC,230}, {0x5AD,0x5AD,222}, {0x5AE,0x5AE,228}, {0x5AF,0x5AF,230}, {0x5B0,0x5B0,10}, {0x5B1,0x5B1,11}, {0x5B2,0x5B2,12}, {0x5B3,0x5B3,13}, {0x5B4,
    0x5B4,14}, {0x5B5,0x5B5,15}, {0x5B6,0x5B6,16}, {0x5B7,0x5B7,17}, {0x5B8,0x5B8,18}, {0x5B9,0x5BA,19}, {0x5BB,0x5BB,20}, {0x5BC,0x5BC,21}, {0x5BD,0x5BD,22}, {0x5BF,0x5BF,23}, {0x5C1,0x5C1,24},
    {0x5C2,0x5C2,25}, {0x5C4,0x5C4,230}, {0x5C5,0x5C5,220}, {0x5C7,0x5C7,18}, {0x610,0x617,230}, {0x618,0x618,30}, {0x619,0x619,31}, {0x61A,0x61A,32}, {0x64B,0x64B,27}, {0x64C,0x64C,28}, {0x64D,0x64D,
    29}, {0x64E,0x64E,30}, {0x64F,0x64F,31}, {0x650,0x650,32}, {0x651,0x651,33}, {0x652,0x652,34}, {0x653,0x654,230}, {0x655,0x656,220}, {0x657,0x65B,230}, {0x65C,0x65C,220}, {0x65D,0x65E,230},
    {0x65F,0x65F,220}, {0x670,0x670,35}, {0x6D6,0x6DC,230}, {0x6DF,0x6E2,230}, {0x6E3,0x6E3,220}, {0x6E4,0x6E4,230}, {0x6E7,0x6E8,230}, {0x6EA,0x6EA,220}, {0x6EB,0x6EC,230}, {0x6ED,0x6ED,220}, {0x711,
    0x711,36}, {0x730,0x730,230}, {0x731,0x731,220}, {0x732,0x733,230}, {0x734,0x734,220}, {0x735,0x736,230}, {0x737,0x739,220}, {0x73A,0x73A,230}, {0x73B,0x73C,220}, {0x73D,0x73D,230}, {0x73E,0x73E,
    220}, {0x73F,0x741,230}, {0x742,0x742,220}, {0x743,0x743,230}, {0x744,0x744,220}, {0x745,0x745,230}, {0x746,0x746,220}, {0x747,0x747,230}, {0x748,0x748,220}, {0x749,0x74A,230}, {0x7EB,0x7F1,230},
    {0x7F2,0x7F2,220}, {0x7F3,0x7F3,230}, {0x7FD,0x7FD,220}, {0x816,0x819,230}, {0x81B,0x823,230}, {0x825,0x827,230}, {0x829,0x82D,230}, {0x859,0x85B,220}, {0x897,0x898,230}, {0x899,0x89B,220},
    {0x89C,0x89F,230}, {0x8CA,0x8CE,230}, {0x8CF,0x8D3,220}, {0x8D4,0x8E1,230}, {0x8E3,0x8E3,220}, {0x8E4,0x8E5,230}, {0x8E6,0x8E6,220}, {0x8E7,0x8E8,230}, {0x8E9,0x8E9,220}, {0x8EA,0x8EC,230},
    {0x8ED,0x8EF,220}, {0x8F0,0x8F0,27}, {0x8F1,0x8F1,28}, {0x8F2,0x8F2,29}, {0x8F3,0x8F5,230}, {0x8F6,0x8F6,220}, {0x8F7,0x8F8,230}, {0x8F9,0x8FA,220}, {0x8FB,0x8FF,230}, {0x93C,0x93C,7}, {0x94D,
    0x94D,9}, {0x951,0x951,230}, {0x952,0x952,220}, {0x953,0x954,230}, {0x9BC,0x9BC,7}, {0x9CD,0x9CD,9}, {0x9FE,0x9FE,230}, {0xA3C,0xA3C,7}, {0xA4D,0xA4D,9}, {0xABC,0xABC,7}, {0xACD,0xACD,9}, {0xB3C,
    0xB3C,7}, {0xB4D,0xB4D,9}, {0xBCD,0xBCD,9}, {0xC3C,0xC3C,7}, {0xC4D,0xC4D,9}, {0xC55,0xC55,84}, {0xC56,0xC56,91}, {0xCBC,0xCBC,7}, {0xCCD,0xCCD,9}, {0xD3B,0xD3C,9}, {0xD4D,0xD4D,9}, {0xDCA,0xDCA,
    9}, {0xE38,0xE39,103}, {0xE3A,0xE3A,9}, {0xE48,0xE4B,107}, {0xEB8,0xEB9,118}, {0xEBA,0xEBA,9}, {0xEC8,0xECB,122}, {0xF18,0xF19,220}, {0xF35,0xF35,220}, {0xF37,0xF37,220}, {0xF39,0xF39,216},
    {0xF71,0xF71,129}, {0xF72,0xF72,130}, {0xF74,0xF74,132}, {0xF7A,0xF7D,130}, {0xF80,0xF80,130}, {0xF82,0xF83,230}, {0xF84,0xF84,9}, {0xF86,0xF87,230}, {0xFC6,0xFC6,220}, {0x1037,0x1037,7}, {0x1039,
    0x103A,9}, {0x108D,0x108D,220}, {0x135D,0x135F,230}, {0x1714,0x1715,9}, {0x1734,0x1734,9}, {0x17D2,0x17D2,9}, {0x17DD,0x17DD,230}, {0x18A9,0x18A9,228}, {0x1939,0x1939,222}, {0x193A,0x193A,230},
    {0x193B,0x193B,220}, {0x1A17,0x1A17,230}, {0x1A18,0x1A18,220}, {0x1A60,0x1A60,9}, {0x1A75,0x1A7C,230}, {0x1A7F,0x1A7F,220}, {0x1AB0,0x1AB4,230}, {0x1AB5,0x1ABA,220}, {0x1ABB,0x1ABC,230}, {0x1ABD,
    0x1ABD,220}, {0x1ABF,0x1AC0,220}, {0x1AC1,0x1AC2,230}, {0x1AC3,0x1AC4,220}, {0x1AC5,0x1AC9,230}, {0x1ACA,0x1ACA,220}, {0x1ACB,0x1ADC,230}, {0x1ADD,0x1ADD,220}, {0x1AE0,0x1AE5,230}, {0x1AE6,0x1AE6,
    220}, {0x1AE7,0x1AEA,230}, {0x1AEB,0x1AEB,234}, {0x1B34,0x1B34,7}, {0x1B44,0x1B44,9}, {0x1B6B,0x1B6B,230}, {0x1B6C,0x1B6C,220}, {0x1B6D,0x1B73,230}, {0x1BAA,0x1BAB,9}, {0x1BE6,0x1BE6,7}, {0x1BF2,
    0x1BF3,9}, {0x1C37,0x1C37,7}, {0x1CD0,0x1CD2,230}, {0x1CD4,0x1CD4,1}, {0x1CD5,0x1CD9,220}, {0x1CDA,0x1CDB,230}, {0x1CDC,0x1CDF,220}, {0x1CE0,0x1CE0,230}, {0x1CE2,0x1CE8,1}, {0x1CED,0x1CED,220},
    {0x1CF4,0x1CF4,230}, {0x1CF8,0x1CF9,230}, {0x1DC0,0x1DC1,230}, {0x1DC2,0x1DC2,220}, {0x1DC3,0x1DC9,230}, {0x1DCA,0x1DCA,220}, {0x1DCB,0x1DCC,230}, {0x1DCD,0x1DCD,234}, {0x1DCE,0x1DCE,214},
    {0x1DCF,0x1DCF,220}, {0x1DD0,0x1DD0,202}, {0x1DD1,0x1DF5,230}, {0x1DF6,0x1DF6,232}, {0x1DF7,0x1DF8,228}, {0x1DF9,0x1DF9,220}, {0x1DFA,0x1DFA,218}, {0x1DFB,0x1DFB,230}, {0x1DFC,0x1DFC,233},
    {0x1DFD,0x1DFD,220}, {0x1DFE,0x1DFE,230}, {0x1DFF,0x1DFF,220}, {0x20D0,0x20D1,230}, {0x20D2,0x20D3,1}, {0x20D4,0x20D7,230}, {0x20D8,0x20DA,1}, {0x20DB,0x20DC,230}, {0x20E1,0x20E1,230}, {0x20E5,
    0x20E6,1}, {0x20E7,0x20E7,230}, {0x20E8,0x20E8,220}, {0x20E9,0x20E9,230}, {0x20EA,0x20EB,1}, {0x20EC,0x20EF,220}, {0x20F0,0x20F0,230}, {0x2CEF,0x2CF1,230}, {0x2D7F,0x2D7F,9}, {0x2DE0,0x2DFF,230},
    {0x302A,0x302A,218}, {0x302B,0x302B,228}, {0x302C,0x302C,232}, {0x302D,0x302D,222}, {0x302E,0x302F,224}, {0x3099,0x309A,8}, {0xA66F,0xA66F,230}, {0xA674,0xA67D,230}, {0xA69E,0xA69F,230}, {0xA6F0,
    0xA6F1,230}, {0xA806,0xA806,9}, {0xA82C,0xA82C,9}, {0xA8C4,0xA8C4,9}, {0xA8E0,0xA8F1,230}, {0xA92B,0xA92D,220}, {0xA953,0xA953,9}, {0xA9B3,0xA9B3,7}, {0xA9C0,0xA9C0,9}, {0xAAB0,0xAAB0,230},
    {0xAAB2,0xAAB3,230}, {0xAAB4,0xAAB4,220}, {0xAAB7,0xAAB8,230}, {0xAABE,0xAABF,230}, {0xAAC1,0xAAC1,230}, {0xAAF6,0xAAF6,9}, {0xABED,0xABED,9}, {0xFB1E,0xFB1E,26}, {0xFE20,0xFE26,230}, {0xFE27,
    0xFE2D,220}, {0xFE2E,0xFE2F,230}, {0x101FD,0x101FD,220}, {0x102E0,0x102E0,220}, {0x10376,0x1037A,230}, {0x10A0D,0x10A0D,220}, {0x10A0F,0x10A0F,230}, {0x10A38,0x10A38,230}, {0x10A39,0x10A39,1},
    {0x10A3A,0x10A3A,220}, {0x10A3F,0x10A3F,9}, {0x10AE5,0x10AE5,230}, {0x10AE6,0x10AE6,220}, {0x10D24,0x10D27,230}, {0x10D69,0x10D6D,230}, {0x10EAB,0x10EAC,230}, {0x10EFA,0x10EFB,220}, {0x10EFD,
    0x10EFF,220}, {0x10F46,0x10F47,220}, {0x10F48,0x10F4A,230}, {0x10F4B,0x10F4B,220}, {0x10F4C,0x10F4C,230}, {0x10F4D,0x10F50,220}, {0x10F82,0x10F82,230}, {0x10F83,0x10F83,220}, {0x10F84,0x10F84,
    230}, {0x10F85,0x10F85,220}, {0x11046,0x11046,9}, {0x11070,0x11070,9}, {0x1107F,0x1107F,9}, {0x110B9,0x110B9,9}, {0x110BA,0x110BA,7}, {0x11100,0x11102,230}, {0x11133,0x11134,9}, {0x11173,0x11173,
    7}, {0x111C0,0x111C0,9}, {0x111CA,0x111CA,7}, {0x11235,0x11235,9}, {0x11236,0x11236,7}, {0x112E9,0x112E9,7}, {0x112EA,0x112EA,9}, {0x1133B,0x1133C,7}, {0x1134D,0x1134D,9}, {0x11366,0x1136C,230},
    {0x11370,0x11374,230}, {0x113CE,0x113D0,9}, {0x11442,0x11442,9}, {0x11446,0x11446,7}, {0x1145E,0x1145E,230}, {0x114C2,0x114C2,9}, {0x114C3,0x114C3,7}, {0x115BF,0x115BF,9}, {0x115C0,0x115C0,7},
    {0x1163F,0x1163F,9}, {0x116B6,0x116B6,9}, {0x116B7,0x116B7,7}, {0x1172B,0x1172B,9}, {0x11839,0x11839,9}, {0x1183A,0x1183A,7}, {0x1193D,0x1193E,9}, {0x11943,0x11943,7}, {0x119E0,0x119E0,9},
    {0x11A34,0x11A34,9}, {0x11A47,0x11A47,9}, {0x11A99,0x11A99,9}, {0x11C3F,0x11C3F,9}, {0x11D42,0x11D42,7}, {0x11D44,0x11D45,9}, {0x11D97,0x11D97,9}, {0x11F41,0x11F42,9}, {0x1612F,0x1612F,9},
    {0x16AF0,0x16AF4,1}, {0x16B30,0x16B36,230}, {0x16FF0,0x16FF1,6}, {0x1BC9E,0x1BC9E,1}, {0x1D165,0x1D166,216}, {0x1D167,0x1D169,1}, {0x1D16D,0x1D16D,226}, {0x1D16E,0x1D172,216}, {0x1D17B,0x1D182,
    220}, {0x1D185,0x1D189,230}, {0x1D18A,0x1D18B,220}, {0x1D1AA,0x1D1AD,230}, {0x1D242,0x1D244,230}, {0x1E000,0x1E006,230}, {0x1E008,0x1E018,230}, {0x1E01B,0x1E021,230}, {0x1E023,0x1E024,230},
    {0x1E026,0x1E02A,230}, {0x1E08F,0x1E08F,230}, {0x1E130,0x1E136,230}, {0x1E2AE,0x1E2AE,230}, {0x1E2EC,0x1E2EF,230}, {0x1E4EC,0x1E4ED,232}, {0x1E4EE,0x1E4EE,220}, {0x1E4EF,0x1E4EF,230}, {0x1E5EE,
    0x1E5EE,230}, {0x1E5EF,0x1E5EF,220}, {0x1E6E3,0x1E6E3,230}, {0x1E6E6,0x1E6E6,230}, {0x1E6EE,0x1E6EF,230}, {0x1E6F5,0x1E6F5,230}, {0x1E8D0,0x1E8D6,220}, {0x1E944,0x1E949,230}, {0x1E94A,0x1E94A,7},
    };
static const unsigned int rk_un_ccc_n = 403;
static const unsigned int rk_un_canon[][3] = { {0xC0,0x41,0x300}, {0xC1,0x41,0x301}, {0xC2,0x41,0x302}, {0xC3,0x41,0x303}, {0xC4,0x41,0x308}, {0xC5,0x41,0x30A}, {0xC7,0x43,0x327}, {0xC8,0x45,0x300},
    {0xC9,0x45,0x301}, {0xCA,0x45,0x302}, {0xCB,0x45,0x308}, {0xCC,0x49,0x300}, {0xCD,0x49,0x301}, {0xCE,0x49,0x302}, {0xCF,0x49,0x308}, {0xD1,0x4E,0x303}, {0xD2,0x4F,0x300}, {0xD3,0x4F,0x301}, {0xD4,
    0x4F,0x302}, {0xD5,0x4F,0x303}, {0xD6,0x4F,0x308}, {0xD9,0x55,0x300}, {0xDA,0x55,0x301}, {0xDB,0x55,0x302}, {0xDC,0x55,0x308}, {0xDD,0x59,0x301}, {0xE0,0x61,0x300}, {0xE1,0x61,0x301}, {0xE2,0x61,
    0x302}, {0xE3,0x61,0x303}, {0xE4,0x61,0x308}, {0xE5,0x61,0x30A}, {0xE7,0x63,0x327}, {0xE8,0x65,0x300}, {0xE9,0x65,0x301}, {0xEA,0x65,0x302}, {0xEB,0x65,0x308}, {0xEC,0x69,0x300}, {0xED,0x69,
    0x301}, {0xEE,0x69,0x302}, {0xEF,0x69,0x308}, {0xF1,0x6E,0x303}, {0xF2,0x6F,0x300}, {0xF3,0x6F,0x301}, {0xF4,0x6F,0x302}, {0xF5,0x6F,0x303}, {0xF6,0x6F,0x308}, {0xF9,0x75,0x300}, {0xFA,0x75,
    0x301}, {0xFB,0x75,0x302}, {0xFC,0x75,0x308}, {0xFD,0x79,0x301}, {0xFF,0x79,0x308}, {0x100,0x41,0x304}, {0x101,0x61,0x304}, {0x102,0x41,0x306}, {0x103,0x61,0x306}, {0x104,0x41,0x328}, {0x105,0x61,
    0x328}, {0x106,0x43,0x301}, {0x107,0x63,0x301}, {0x108,0x43,0x302}, {0x109,0x63,0x302}, {0x10A,0x43,0x307}, {0x10B,0x63,0x307}, {0x10C,0x43,0x30C}, {0x10D,0x63,0x30C}, {0x10E,0x44,0x30C}, {0x10F,
    0x64,0x30C}, {0x112,0x45,0x304}, {0x113,0x65,0x304}, {0x114,0x45,0x306}, {0x115,0x65,0x306}, {0x116,0x45,0x307}, {0x117,0x65,0x307}, {0x118,0x45,0x328}, {0x119,0x65,0x328}, {0x11A,0x45,0x30C},
    {0x11B,0x65,0x30C}, {0x11C,0x47,0x302}, {0x11D,0x67,0x302}, {0x11E,0x47,0x306}, {0x11F,0x67,0x306}, {0x120,0x47,0x307}, {0x121,0x67,0x307}, {0x122,0x47,0x327}, {0x123,0x67,0x327}, {0x124,0x48,
    0x302}, {0x125,0x68,0x302}, {0x128,0x49,0x303}, {0x129,0x69,0x303}, {0x12A,0x49,0x304}, {0x12B,0x69,0x304}, {0x12C,0x49,0x306}, {0x12D,0x69,0x306}, {0x12E,0x49,0x328}, {0x12F,0x69,0x328}, {0x130,
    0x49,0x307}, {0x134,0x4A,0x302}, {0x135,0x6A,0x302}, {0x136,0x4B,0x327}, {0x137,0x6B,0x327}, {0x139,0x4C,0x301}, {0x13A,0x6C,0x301}, {0x13B,0x4C,0x327}, {0x13C,0x6C,0x327}, {0x13D,0x4C,0x30C},
    {0x13E,0x6C,0x30C}, {0x143,0x4E,0x301}, {0x144,0x6E,0x301}, {0x145,0x4E,0x327}, {0x146,0x6E,0x327}, {0x147,0x4E,0x30C}, {0x148,0x6E,0x30C}, {0x14C,0x4F,0x304}, {0x14D,0x6F,0x304}, {0x14E,0x4F,
    0x306}, {0x14F,0x6F,0x306}, {0x150,0x4F,0x30B}, {0x151,0x6F,0x30B}, {0x154,0x52,0x301}, {0x155,0x72,0x301}, {0x156,0x52,0x327}, {0x157,0x72,0x327}, {0x158,0x52,0x30C}, {0x159,0x72,0x30C}, {0x15A,
    0x53,0x301}, {0x15B,0x73,0x301}, {0x15C,0x53,0x302}, {0x15D,0x73,0x302}, {0x15E,0x53,0x327}, {0x15F,0x73,0x327}, {0x160,0x53,0x30C}, {0x161,0x73,0x30C}, {0x162,0x54,0x327}, {0x163,0x74,0x327},
    {0x164,0x54,0x30C}, {0x165,0x74,0x30C}, {0x168,0x55,0x303}, {0x169,0x75,0x303}, {0x16A,0x55,0x304}, {0x16B,0x75,0x304}, {0x16C,0x55,0x306}, {0x16D,0x75,0x306}, {0x16E,0x55,0x30A}, {0x16F,0x75,
    0x30A}, {0x170,0x55,0x30B}, {0x171,0x75,0x30B}, {0x172,0x55,0x328}, {0x173,0x75,0x328}, {0x174,0x57,0x302}, {0x175,0x77,0x302}, {0x176,0x59,0x302}, {0x177,0x79,0x302}, {0x178,0x59,0x308}, {0x179,
    0x5A,0x301}, {0x17A,0x7A,0x301}, {0x17B,0x5A,0x307}, {0x17C,0x7A,0x307}, {0x17D,0x5A,0x30C}, {0x17E,0x7A,0x30C}, {0x1A0,0x4F,0x31B}, {0x1A1,0x6F,0x31B}, {0x1AF,0x55,0x31B}, {0x1B0,0x75,0x31B},
    {0x1CD,0x41,0x30C}, {0x1CE,0x61,0x30C}, {0x1CF,0x49,0x30C}, {0x1D0,0x69,0x30C}, {0x1D1,0x4F,0x30C}, {0x1D2,0x6F,0x30C}, {0x1D3,0x55,0x30C}, {0x1D4,0x75,0x30C}, {0x1D5,0xDC,0x304}, {0x1D6,0xFC,
    0x304}, {0x1D7,0xDC,0x301}, {0x1D8,0xFC,0x301}, {0x1D9,0xDC,0x30C}, {0x1DA,0xFC,0x30C}, {0x1DB,0xDC,0x300}, {0x1DC,0xFC,0x300}, {0x1DE,0xC4,0x304}, {0x1DF,0xE4,0x304}, {0x1E0,0x226,0x304}, {0x1E1,
    0x227,0x304}, {0x1E2,0xC6,0x304}, {0x1E3,0xE6,0x304}, {0x1E6,0x47,0x30C}, {0x1E7,0x67,0x30C}, {0x1E8,0x4B,0x30C}, {0x1E9,0x6B,0x30C}, {0x1EA,0x4F,0x328}, {0x1EB,0x6F,0x328}, {0x1EC,0x1EA,0x304},
    {0x1ED,0x1EB,0x304}, {0x1EE,0x1B7,0x30C}, {0x1EF,0x292,0x30C}, {0x1F0,0x6A,0x30C}, {0x1F4,0x47,0x301}, {0x1F5,0x67,0x301}, {0x1F8,0x4E,0x300}, {0x1F9,0x6E,0x300}, {0x1FA,0xC5,0x301}, {0x1FB,0xE5,
    0x301}, {0x1FC,0xC6,0x301}, {0x1FD,0xE6,0x301}, {0x1FE,0xD8,0x301}, {0x1FF,0xF8,0x301}, {0x200,0x41,0x30F}, {0x201,0x61,0x30F}, {0x202,0x41,0x311}, {0x203,0x61,0x311}, {0x204,0x45,0x30F}, {0x205,
    0x65,0x30F}, {0x206,0x45,0x311}, {0x207,0x65,0x311}, {0x208,0x49,0x30F}, {0x209,0x69,0x30F}, {0x20A,0x49,0x311}, {0x20B,0x69,0x311}, {0x20C,0x4F,0x30F}, {0x20D,0x6F,0x30F}, {0x20E,0x4F,0x311},
    {0x20F,0x6F,0x311}, {0x210,0x52,0x30F}, {0x211,0x72,0x30F}, {0x212,0x52,0x311}, {0x213,0x72,0x311}, {0x214,0x55,0x30F}, {0x215,0x75,0x30F}, {0x216,0x55,0x311}, {0x217,0x75,0x311}, {0x218,0x53,
    0x326}, {0x219,0x73,0x326}, {0x21A,0x54,0x326}, {0x21B,0x74,0x326}, {0x21E,0x48,0x30C}, {0x21F,0x68,0x30C}, {0x226,0x41,0x307}, {0x227,0x61,0x307}, {0x228,0x45,0x327}, {0x229,0x65,0x327}, {0x22A,
    0xD6,0x304}, {0x22B,0xF6,0x304}, {0x22C,0xD5,0x304}, {0x22D,0xF5,0x304}, {0x22E,0x4F,0x307}, {0x22F,0x6F,0x307}, {0x230,0x22E,0x304}, {0x231,0x22F,0x304}, {0x232,0x59,0x304}, {0x233,0x79,0x304},
    {0x340,0x300,0x0}, {0x341,0x301,0x0}, {0x343,0x313,0x0}, {0x344,0x308,0x301}, {0x374,0x2B9,0x0}, {0x37E,0x3B,0x0}, {0x385,0xA8,0x301}, {0x386,0x391,0x301}, {0x387,0xB7,0x0}, {0x388,0x395,0x301},
    {0x389,0x397,0x301}, {0x38A,0x399,0x301}, {0x38C,0x39F,0x301}, {0x38E,0x3A5,0x301}, {0x38F,0x3A9,0x301}, {0x390,0x3CA,0x301}, {0x3AA,0x399,0x308}, {0x3AB,0x3A5,0x308}, {0x3AC,0x3B1,0x301}, {0x3AD,
    0x3B5,0x301}, {0x3AE,0x3B7,0x301}, {0x3AF,0x3B9,0x301}, {0x3B0,0x3CB,0x301}, {0x3CA,0x3B9,0x308}, {0x3CB,0x3C5,0x308}, {0x3CC,0x3BF,0x301}, {0x3CD,0x3C5,0x301}, {0x3CE,0x3C9,0x301}, {0x3D3,0x3D2,
    0x301}, {0x3D4,0x3D2,0x308}, {0x400,0x415,0x300}, {0x401,0x415,0x308}, {0x403,0x413,0x301}, {0x407,0x406,0x308}, {0x40C,0x41A,0x301}, {0x40D,0x418,0x300}, {0x40E,0x423,0x306}, {0x419,0x418,0x306},
    {0x439,0x438,0x306}, {0x450,0x435,0x300}, {0x451,0x435,0x308}, {0x453,0x433,0x301}, {0x457,0x456,0x308}, {0x45C,0x43A,0x301}, {0x45D,0x438,0x300}, {0x45E,0x443,0x306}, {0x476,0x474,0x30F}, {0x477,
    0x475,0x30F}, {0x4C1,0x416,0x306}, {0x4C2,0x436,0x306}, {0x4D0,0x410,0x306}, {0x4D1,0x430,0x306}, {0x4D2,0x410,0x308}, {0x4D3,0x430,0x308}, {0x4D6,0x415,0x306}, {0x4D7,0x435,0x306}, {0x4DA,0x4D8,
    0x308}, {0x4DB,0x4D9,0x308}, {0x4DC,0x416,0x308}, {0x4DD,0x436,0x308}, {0x4DE,0x417,0x308}, {0x4DF,0x437,0x308}, {0x4E2,0x418,0x304}, {0x4E3,0x438,0x304}, {0x4E4,0x418,0x308}, {0x4E5,0x438,0x308},
    {0x4E6,0x41E,0x308}, {0x4E7,0x43E,0x308}, {0x4EA,0x4E8,0x308}, {0x4EB,0x4E9,0x308}, {0x4EC,0x42D,0x308}, {0x4ED,0x44D,0x308}, {0x4EE,0x423,0x304}, {0x4EF,0x443,0x304}, {0x4F0,0x423,0x308}, {0x4F1,
    0x443,0x308}, {0x4F2,0x423,0x30B}, {0x4F3,0x443,0x30B}, {0x4F4,0x427,0x308}, {0x4F5,0x447,0x308}, {0x4F8,0x42B,0x308}, {0x4F9,0x44B,0x308}, {0x622,0x627,0x653}, {0x623,0x627,0x654}, {0x624,0x648,
    0x654}, {0x625,0x627,0x655}, {0x626,0x64A,0x654}, {0x6C0,0x6D5,0x654}, {0x6C2,0x6C1,0x654}, {0x6D3,0x6D2,0x654}, {0x929,0x928,0x93C}, {0x931,0x930,0x93C}, {0x934,0x933,0x93C}, {0x958,0x915,0x93C},
    {0x959,0x916,0x93C}, {0x95A,0x917,0x93C}, {0x95B,0x91C,0x93C}, {0x95C,0x921,0x93C}, {0x95D,0x922,0x93C}, {0x95E,0x92B,0x93C}, {0x95F,0x92F,0x93C}, {0x9CB,0x9C7,0x9BE}, {0x9CC,0x9C7,0x9D7}, {0x9DC,
    0x9A1,0x9BC}, {0x9DD,0x9A2,0x9BC}, {0x9DF,0x9AF,0x9BC}, {0xA33,0xA32,0xA3C}, {0xA36,0xA38,0xA3C}, {0xA59,0xA16,0xA3C}, {0xA5A,0xA17,0xA3C}, {0xA5B,0xA1C,0xA3C}, {0xA5E,0xA2B,0xA3C}, {0xB48,0xB47,
    0xB56}, {0xB4B,0xB47,0xB3E}, {0xB4C,0xB47,0xB57}, {0xB5C,0xB21,0xB3C}, {0xB5D,0xB22,0xB3C}, {0xB94,0xB92,0xBD7}, {0xBCA,0xBC6,0xBBE}, {0xBCB,0xBC7,0xBBE}, {0xBCC,0xBC6,0xBD7}, {0xC48,0xC46,0xC56},
    {0xCC0,0xCBF,0xCD5}, {0xCC7,0xCC6,0xCD5}, {0xCC8,0xCC6,0xCD6}, {0xCCA,0xCC6,0xCC2}, {0xCCB,0xCCA,0xCD5}, {0xD4A,0xD46,0xD3E}, {0xD4B,0xD47,0xD3E}, {0xD4C,0xD46,0xD57}, {0xDDA,0xDD9,0xDCA}, {0xDDC,
    0xDD9,0xDCF}, {0xDDD,0xDDC,0xDCA}, {0xDDE,0xDD9,0xDDF}, {0xF43,0xF42,0xFB7}, {0xF4D,0xF4C,0xFB7}, {0xF52,0xF51,0xFB7}, {0xF57,0xF56,0xFB7}, {0xF5C,0xF5B,0xFB7}, {0xF69,0xF40,0xFB5}, {0xF73,0xF71,
    0xF72}, {0xF75,0xF71,0xF74}, {0xF76,0xFB2,0xF80}, {0xF78,0xFB3,0xF80}, {0xF81,0xF71,0xF80}, {0xF93,0xF92,0xFB7}, {0xF9D,0xF9C,0xFB7}, {0xFA2,0xFA1,0xFB7}, {0xFA7,0xFA6,0xFB7}, {0xFAC,0xFAB,0xFB7},
    {0xFB9,0xF90,0xFB5}, {0x1026,0x1025,0x102E}, {0x1B06,0x1B05,0x1B35}, {0x1B08,0x1B07,0x1B35}, {0x1B0A,0x1B09,0x1B35}, {0x1B0C,0x1B0B,0x1B35}, {0x1B0E,0x1B0D,0x1B35}, {0x1B12,0x1B11,0x1B35},
    {0x1B3B,0x1B3A,0x1B35}, {0x1B3D,0x1B3C,0x1B35}, {0x1B40,0x1B3E,0x1B35}, {0x1B41,0x1B3F,0x1B35}, {0x1B43,0x1B42,0x1B35}, {0x1E00,0x41,0x325}, {0x1E01,0x61,0x325}, {0x1E02,0x42,0x307}, {0x1E03,0x62,
    0x307}, {0x1E04,0x42,0x323}, {0x1E05,0x62,0x323}, {0x1E06,0x42,0x331}, {0x1E07,0x62,0x331}, {0x1E08,0xC7,0x301}, {0x1E09,0xE7,0x301}, {0x1E0A,0x44,0x307}, {0x1E0B,0x64,0x307}, {0x1E0C,0x44,0x323},
    {0x1E0D,0x64,0x323}, {0x1E0E,0x44,0x331}, {0x1E0F,0x64,0x331}, {0x1E10,0x44,0x327}, {0x1E11,0x64,0x327}, {0x1E12,0x44,0x32D}, {0x1E13,0x64,0x32D}, {0x1E14,0x112,0x300}, {0x1E15,0x113,0x300},
    {0x1E16,0x112,0x301}, {0x1E17,0x113,0x301}, {0x1E18,0x45,0x32D}, {0x1E19,0x65,0x32D}, {0x1E1A,0x45,0x330}, {0x1E1B,0x65,0x330}, {0x1E1C,0x228,0x306}, {0x1E1D,0x229,0x306}, {0x1E1E,0x46,0x307},
    {0x1E1F,0x66,0x307}, {0x1E20,0x47,0x304}, {0x1E21,0x67,0x304}, {0x1E22,0x48,0x307}, {0x1E23,0x68,0x307}, {0x1E24,0x48,0x323}, {0x1E25,0x68,0x323}, {0x1E26,0x48,0x308}, {0x1E27,0x68,0x308},
    {0x1E28,0x48,0x327}, {0x1E29,0x68,0x327}, {0x1E2A,0x48,0x32E}, {0x1E2B,0x68,0x32E}, {0x1E2C,0x49,0x330}, {0x1E2D,0x69,0x330}, {0x1E2E,0xCF,0x301}, {0x1E2F,0xEF,0x301}, {0x1E30,0x4B,0x301},
    {0x1E31,0x6B,0x301}, {0x1E32,0x4B,0x323}, {0x1E33,0x6B,0x323}, {0x1E34,0x4B,0x331}, {0x1E35,0x6B,0x331}, {0x1E36,0x4C,0x323}, {0x1E37,0x6C,0x323}, {0x1E38,0x1E36,0x304}, {0x1E39,0x1E37,0x304},
    {0x1E3A,0x4C,0x331}, {0x1E3B,0x6C,0x331}, {0x1E3C,0x4C,0x32D}, {0x1E3D,0x6C,0x32D}, {0x1E3E,0x4D,0x301}, {0x1E3F,0x6D,0x301}, {0x1E40,0x4D,0x307}, {0x1E41,0x6D,0x307}, {0x1E42,0x4D,0x323},
    {0x1E43,0x6D,0x323}, {0x1E44,0x4E,0x307}, {0x1E45,0x6E,0x307}, {0x1E46,0x4E,0x323}, {0x1E47,0x6E,0x323}, {0x1E48,0x4E,0x331}, {0x1E49,0x6E,0x331}, {0x1E4A,0x4E,0x32D}, {0x1E4B,0x6E,0x32D},
    {0x1E4C,0xD5,0x301}, {0x1E4D,0xF5,0x301}, {0x1E4E,0xD5,0x308}, {0x1E4F,0xF5,0x308}, {0x1E50,0x14C,0x300}, {0x1E51,0x14D,0x300}, {0x1E52,0x14C,0x301}, {0x1E53,0x14D,0x301}, {0x1E54,0x50,0x301},
    {0x1E55,0x70,0x301}, {0x1E56,0x50,0x307}, {0x1E57,0x70,0x307}, {0x1E58,0x52,0x307}, {0x1E59,0x72,0x307}, {0x1E5A,0x52,0x323}, {0x1E5B,0x72,0x323}, {0x1E5C,0x1E5A,0x304}, {0x1E5D,0x1E5B,0x304},
    {0x1E5E,0x52,0x331}, {0x1E5F,0x72,0x331}, {0x1E60,0x53,0x307}, {0x1E61,0x73,0x307}, {0x1E62,0x53,0x323}, {0x1E63,0x73,0x323}, {0x1E64,0x15A,0x307}, {0x1E65,0x15B,0x307}, {0x1E66,0x160,0x307},
    {0x1E67,0x161,0x307}, {0x1E68,0x1E62,0x307}, {0x1E69,0x1E63,0x307}, {0x1E6A,0x54,0x307}, {0x1E6B,0x74,0x307}, {0x1E6C,0x54,0x323}, {0x1E6D,0x74,0x323}, {0x1E6E,0x54,0x331}, {0x1E6F,0x74,0x331},
    {0x1E70,0x54,0x32D}, {0x1E71,0x74,0x32D}, {0x1E72,0x55,0x324}, {0x1E73,0x75,0x324}, {0x1E74,0x55,0x330}, {0x1E75,0x75,0x330}, {0x1E76,0x55,0x32D}, {0x1E77,0x75,0x32D}, {0x1E78,0x168,0x301},
    {0x1E79,0x169,0x301}, {0x1E7A,0x16A,0x308}, {0x1E7B,0x16B,0x308}, {0x1E7C,0x56,0x303}, {0x1E7D,0x76,0x303}, {0x1E7E,0x56,0x323}, {0x1E7F,0x76,0x323}, {0x1E80,0x57,0x300}, {0x1E81,0x77,0x300},
    {0x1E82,0x57,0x301}, {0x1E83,0x77,0x301}, {0x1E84,0x57,0x308}, {0x1E85,0x77,0x308}, {0x1E86,0x57,0x307}, {0x1E87,0x77,0x307}, {0x1E88,0x57,0x323}, {0x1E89,0x77,0x323}, {0x1E8A,0x58,0x307},
    {0x1E8B,0x78,0x307}, {0x1E8C,0x58,0x308}, {0x1E8D,0x78,0x308}, {0x1E8E,0x59,0x307}, {0x1E8F,0x79,0x307}, {0x1E90,0x5A,0x302}, {0x1E91,0x7A,0x302}, {0x1E92,0x5A,0x323}, {0x1E93,0x7A,0x323},
    {0x1E94,0x5A,0x331}, {0x1E95,0x7A,0x331}, {0x1E96,0x68,0x331}, {0x1E97,0x74,0x308}, {0x1E98,0x77,0x30A}, {0x1E99,0x79,0x30A}, {0x1E9B,0x17F,0x307}, {0x1EA0,0x41,0x323}, {0x1EA1,0x61,0x323},
    {0x1EA2,0x41,0x309}, {0x1EA3,0x61,0x309}, {0x1EA4,0xC2,0x301}, {0x1EA5,0xE2,0x301}, {0x1EA6,0xC2,0x300}, {0x1EA7,0xE2,0x300}, {0x1EA8,0xC2,0x309}, {0x1EA9,0xE2,0x309}, {0x1EAA,0xC2,0x303},
    {0x1EAB,0xE2,0x303}, {0x1EAC,0x1EA0,0x302}, {0x1EAD,0x1EA1,0x302}, {0x1EAE,0x102,0x301}, {0x1EAF,0x103,0x301}, {0x1EB0,0x102,0x300}, {0x1EB1,0x103,0x300}, {0x1EB2,0x102,0x309}, {0x1EB3,0x103,
    0x309}, {0x1EB4,0x102,0x303}, {0x1EB5,0x103,0x303}, {0x1EB6,0x1EA0,0x306}, {0x1EB7,0x1EA1,0x306}, {0x1EB8,0x45,0x323}, {0x1EB9,0x65,0x323}, {0x1EBA,0x45,0x309}, {0x1EBB,0x65,0x309}, {0x1EBC,0x45,
    0x303}, {0x1EBD,0x65,0x303}, {0x1EBE,0xCA,0x301}, {0x1EBF,0xEA,0x301}, {0x1EC0,0xCA,0x300}, {0x1EC1,0xEA,0x300}, {0x1EC2,0xCA,0x309}, {0x1EC3,0xEA,0x309}, {0x1EC4,0xCA,0x303}, {0x1EC5,0xEA,0x303},
    {0x1EC6,0x1EB8,0x302}, {0x1EC7,0x1EB9,0x302}, {0x1EC8,0x49,0x309}, {0x1EC9,0x69,0x309}, {0x1ECA,0x49,0x323}, {0x1ECB,0x69,0x323}, {0x1ECC,0x4F,0x323}, {0x1ECD,0x6F,0x323}, {0x1ECE,0x4F,0x309},
    {0x1ECF,0x6F,0x309}, {0x1ED0,0xD4,0x301}, {0x1ED1,0xF4,0x301}, {0x1ED2,0xD4,0x300}, {0x1ED3,0xF4,0x300}, {0x1ED4,0xD4,0x309}, {0x1ED5,0xF4,0x309}, {0x1ED6,0xD4,0x303}, {0x1ED7,0xF4,0x303},
    {0x1ED8,0x1ECC,0x302}, {0x1ED9,0x1ECD,0x302}, {0x1EDA,0x1A0,0x301}, {0x1EDB,0x1A1,0x301}, {0x1EDC,0x1A0,0x300}, {0x1EDD,0x1A1,0x300}, {0x1EDE,0x1A0,0x309}, {0x1EDF,0x1A1,0x309}, {0x1EE0,0x1A0,
    0x303}, {0x1EE1,0x1A1,0x303}, {0x1EE2,0x1A0,0x323}, {0x1EE3,0x1A1,0x323}, {0x1EE4,0x55,0x323}, {0x1EE5,0x75,0x323}, {0x1EE6,0x55,0x309}, {0x1EE7,0x75,0x309}, {0x1EE8,0x1AF,0x301}, {0x1EE9,0x1B0,
    0x301}, {0x1EEA,0x1AF,0x300}, {0x1EEB,0x1B0,0x300}, {0x1EEC,0x1AF,0x309}, {0x1EED,0x1B0,0x309}, {0x1EEE,0x1AF,0x303}, {0x1EEF,0x1B0,0x303}, {0x1EF0,0x1AF,0x323}, {0x1EF1,0x1B0,0x323}, {0x1EF2,
    0x59,0x300}, {0x1EF3,0x79,0x300}, {0x1EF4,0x59,0x323}, {0x1EF5,0x79,0x323}, {0x1EF6,0x59,0x309}, {0x1EF7,0x79,0x309}, {0x1EF8,0x59,0x303}, {0x1EF9,0x79,0x303}, {0x1F00,0x3B1,0x313}, {0x1F01,0x3B1,
    0x314}, {0x1F02,0x1F00,0x300}, {0x1F03,0x1F01,0x300}, {0x1F04,0x1F00,0x301}, {0x1F05,0x1F01,0x301}, {0x1F06,0x1F00,0x342}, {0x1F07,0x1F01,0x342}, {0x1F08,0x391,0x313}, {0x1F09,0x391,0x314},
    {0x1F0A,0x1F08,0x300}, {0x1F0B,0x1F09,0x300}, {0x1F0C,0x1F08,0x301}, {0x1F0D,0x1F09,0x301}, {0x1F0E,0x1F08,0x342}, {0x1F0F,0x1F09,0x342}, {0x1F10,0x3B5,0x313}, {0x1F11,0x3B5,0x314}, {0x1F12,
    0x1F10,0x300}, {0x1F13,0x1F11,0x300}, {0x1F14,0x1F10,0x301}, {0x1F15,0x1F11,0x301}, {0x1F18,0x395,0x313}, {0x1F19,0x395,0x314}, {0x1F1A,0x1F18,0x300}, {0x1F1B,0x1F19,0x300}, {0x1F1C,0x1F18,0x301},
    {0x1F1D,0x1F19,0x301}, {0x1F20,0x3B7,0x313}, {0x1F21,0x3B7,0x314}, {0x1F22,0x1F20,0x300}, {0x1F23,0x1F21,0x300}, {0x1F24,0x1F20,0x301}, {0x1F25,0x1F21,0x301}, {0x1F26,0x1F20,0x342}, {0x1F27,
    0x1F21,0x342}, {0x1F28,0x397,0x313}, {0x1F29,0x397,0x314}, {0x1F2A,0x1F28,0x300}, {0x1F2B,0x1F29,0x300}, {0x1F2C,0x1F28,0x301}, {0x1F2D,0x1F29,0x301}, {0x1F2E,0x1F28,0x342}, {0x1F2F,0x1F29,0x342},
    {0x1F30,0x3B9,0x313}, {0x1F31,0x3B9,0x314}, {0x1F32,0x1F30,0x300}, {0x1F33,0x1F31,0x300}, {0x1F34,0x1F30,0x301}, {0x1F35,0x1F31,0x301}, {0x1F36,0x1F30,0x342}, {0x1F37,0x1F31,0x342}, {0x1F38,0x399,
    0x313}, {0x1F39,0x399,0x314}, {0x1F3A,0x1F38,0x300}, {0x1F3B,0x1F39,0x300}, {0x1F3C,0x1F38,0x301}, {0x1F3D,0x1F39,0x301}, {0x1F3E,0x1F38,0x342}, {0x1F3F,0x1F39,0x342}, {0x1F40,0x3BF,0x313},
    {0x1F41,0x3BF,0x314}, {0x1F42,0x1F40,0x300}, {0x1F43,0x1F41,0x300}, {0x1F44,0x1F40,0x301}, {0x1F45,0x1F41,0x301}, {0x1F48,0x39F,0x313}, {0x1F49,0x39F,0x314}, {0x1F4A,0x1F48,0x300}, {0x1F4B,0x1F49,
    0x300}, {0x1F4C,0x1F48,0x301}, {0x1F4D,0x1F49,0x301}, {0x1F50,0x3C5,0x313}, {0x1F51,0x3C5,0x314}, {0x1F52,0x1F50,0x300}, {0x1F53,0x1F51,0x300}, {0x1F54,0x1F50,0x301}, {0x1F55,0x1F51,0x301},
    {0x1F56,0x1F50,0x342}, {0x1F57,0x1F51,0x342}, {0x1F59,0x3A5,0x314}, {0x1F5B,0x1F59,0x300}, {0x1F5D,0x1F59,0x301}, {0x1F5F,0x1F59,0x342}, {0x1F60,0x3C9,0x313}, {0x1F61,0x3C9,0x314}, {0x1F62,0x1F60,
    0x300}, {0x1F63,0x1F61,0x300}, {0x1F64,0x1F60,0x301}, {0x1F65,0x1F61,0x301}, {0x1F66,0x1F60,0x342}, {0x1F67,0x1F61,0x342}, {0x1F68,0x3A9,0x313}, {0x1F69,0x3A9,0x314}, {0x1F6A,0x1F68,0x300},
    {0x1F6B,0x1F69,0x300}, {0x1F6C,0x1F68,0x301}, {0x1F6D,0x1F69,0x301}, {0x1F6E,0x1F68,0x342}, {0x1F6F,0x1F69,0x342}, {0x1F70,0x3B1,0x300}, {0x1F71,0x3AC,0x0}, {0x1F72,0x3B5,0x300}, {0x1F73,0x3AD,
    0x0}, {0x1F74,0x3B7,0x300}, {0x1F75,0x3AE,0x0}, {0x1F76,0x3B9,0x300}, {0x1F77,0x3AF,0x0}, {0x1F78,0x3BF,0x300}, {0x1F79,0x3CC,0x0}, {0x1F7A,0x3C5,0x300}, {0x1F7B,0x3CD,0x0}, {0x1F7C,0x3C9,0x300},
    {0x1F7D,0x3CE,0x0}, {0x1F80,0x1F00,0x345}, {0x1F81,0x1F01,0x345}, {0x1F82,0x1F02,0x345}, {0x1F83,0x1F03,0x345}, {0x1F84,0x1F04,0x345}, {0x1F85,0x1F05,0x345}, {0x1F86,0x1F06,0x345}, {0x1F87,0x1F07,
    0x345}, {0x1F88,0x1F08,0x345}, {0x1F89,0x1F09,0x345}, {0x1F8A,0x1F0A,0x345}, {0x1F8B,0x1F0B,0x345}, {0x1F8C,0x1F0C,0x345}, {0x1F8D,0x1F0D,0x345}, {0x1F8E,0x1F0E,0x345}, {0x1F8F,0x1F0F,0x345},
    {0x1F90,0x1F20,0x345}, {0x1F91,0x1F21,0x345}, {0x1F92,0x1F22,0x345}, {0x1F93,0x1F23,0x345}, {0x1F94,0x1F24,0x345}, {0x1F95,0x1F25,0x345}, {0x1F96,0x1F26,0x345}, {0x1F97,0x1F27,0x345}, {0x1F98,
    0x1F28,0x345}, {0x1F99,0x1F29,0x345}, {0x1F9A,0x1F2A,0x345}, {0x1F9B,0x1F2B,0x345}, {0x1F9C,0x1F2C,0x345}, {0x1F9D,0x1F2D,0x345}, {0x1F9E,0x1F2E,0x345}, {0x1F9F,0x1F2F,0x345}, {0x1FA0,0x1F60,
    0x345}, {0x1FA1,0x1F61,0x345}, {0x1FA2,0x1F62,0x345}, {0x1FA3,0x1F63,0x345}, {0x1FA4,0x1F64,0x345}, {0x1FA5,0x1F65,0x345}, {0x1FA6,0x1F66,0x345}, {0x1FA7,0x1F67,0x345}, {0x1FA8,0x1F68,0x345},
    {0x1FA9,0x1F69,0x345}, {0x1FAA,0x1F6A,0x345}, {0x1FAB,0x1F6B,0x345}, {0x1FAC,0x1F6C,0x345}, {0x1FAD,0x1F6D,0x345}, {0x1FAE,0x1F6E,0x345}, {0x1FAF,0x1F6F,0x345}, {0x1FB0,0x3B1,0x306}, {0x1FB1,
    0x3B1,0x304}, {0x1FB2,0x1F70,0x345}, {0x1FB3,0x3B1,0x345}, {0x1FB4,0x3AC,0x345}, {0x1FB6,0x3B1,0x342}, {0x1FB7,0x1FB6,0x345}, {0x1FB8,0x391,0x306}, {0x1FB9,0x391,0x304}, {0x1FBA,0x391,0x300},
    {0x1FBB,0x386,0x0}, {0x1FBC,0x391,0x345}, {0x1FBE,0x3B9,0x0}, {0x1FC1,0xA8,0x342}, {0x1FC2,0x1F74,0x345}, {0x1FC3,0x3B7,0x345}, {0x1FC4,0x3AE,0x345}, {0x1FC6,0x3B7,0x342}, {0x1FC7,0x1FC6,0x345},
    {0x1FC8,0x395,0x300}, {0x1FC9,0x388,0x0}, {0x1FCA,0x397,0x300}, {0x1FCB,0x389,0x0}, {0x1FCC,0x397,0x345}, {0x1FCD,0x1FBF,0x300}, {0x1FCE,0x1FBF,0x301}, {0x1FCF,0x1FBF,0x342}, {0x1FD0,0x3B9,0x306},
    {0x1FD1,0x3B9,0x304}, {0x1FD2,0x3CA,0x300}, {0x1FD3,0x390,0x0}, {0x1FD6,0x3B9,0x342}, {0x1FD7,0x3CA,0x342}, {0x1FD8,0x399,0x306}, {0x1FD9,0x399,0x304}, {0x1FDA,0x399,0x300}, {0x1FDB,0x38A,0x0},
    {0x1FDD,0x1FFE,0x300}, {0x1FDE,0x1FFE,0x301}, {0x1FDF,0x1FFE,0x342}, {0x1FE0,0x3C5,0x306}, {0x1FE1,0x3C5,0x304}, {0x1FE2,0x3CB,0x300}, {0x1FE3,0x3B0,0x0}, {0x1FE4,0x3C1,0x313}, {0x1FE5,0x3C1,
    0x314}, {0x1FE6,0x3C5,0x342}, {0x1FE7,0x3CB,0x342}, {0x1FE8,0x3A5,0x306}, {0x1FE9,0x3A5,0x304}, {0x1FEA,0x3A5,0x300}, {0x1FEB,0x38E,0x0}, {0x1FEC,0x3A1,0x314}, {0x1FED,0xA8,0x300}, {0x1FEE,0x385,
    0x0}, {0x1FEF,0x60,0x0}, {0x1FF2,0x1F7C,0x345}, {0x1FF3,0x3C9,0x345}, {0x1FF4,0x3CE,0x345}, {0x1FF6,0x3C9,0x342}, {0x1FF7,0x1FF6,0x345}, {0x1FF8,0x39F,0x300}, {0x1FF9,0x38C,0x0}, {0x1FFA,0x3A9,
    0x300}, {0x1FFB,0x38F,0x0}, {0x1FFC,0x3A9,0x345}, {0x1FFD,0xB4,0x0}, {0x2000,0x2002,0x0}, {0x2001,0x2003,0x0}, {0x2126,0x3A9,0x0}, {0x212A,0x4B,0x0}, {0x212B,0xC5,0x0}, {0x219A,0x2190,0x338},
    {0x219B,0x2192,0x338}, {0x21AE,0x2194,0x338}, {0x21CD,0x21D0,0x338}, {0x21CE,0x21D4,0x338}, {0x21CF,0x21D2,0x338}, {0x2204,0x2203,0x338}, {0x2209,0x2208,0x338}, {0x220C,0x220B,0x338}, {0x2224,
    0x2223,0x338}, {0x2226,0x2225,0x338}, {0x2241,0x223C,0x338}, {0x2244,0x2243,0x338}, {0x2247,0x2245,0x338}, {0x2249,0x2248,0x338}, {0x2260,0x3D,0x338}, {0x2262,0x2261,0x338}, {0x226D,0x224D,0x338},
    {0x226E,0x3C,0x338}, {0x226F,0x3E,0x338}, {0x2270,0x2264,0x338}, {0x2271,0x2265,0x338}, {0x2274,0x2272,0x338}, {0x2275,0x2273,0x338}, {0x2278,0x2276,0x338}, {0x2279,0x2277,0x338}, {0x2280,0x227A,
    0x338}, {0x2281,0x227B,0x338}, {0x2284,0x2282,0x338}, {0x2285,0x2283,0x338}, {0x2288,0x2286,0x338}, {0x2289,0x2287,0x338}, {0x22AC,0x22A2,0x338}, {0x22AD,0x22A8,0x338}, {0x22AE,0x22A9,0x338},
    {0x22AF,0x22AB,0x338}, {0x22E0,0x227C,0x338}, {0x22E1,0x227D,0x338}, {0x22E2,0x2291,0x338}, {0x22E3,0x2292,0x338}, {0x22EA,0x22B2,0x338}, {0x22EB,0x22B3,0x338}, {0x22EC,0x22B4,0x338}, {0x22ED,
    0x22B5,0x338}, {0x2329,0x3008,0x0}, {0x232A,0x3009,0x0}, {0x2ADC,0x2ADD,0x338}, {0x304C,0x304B,0x3099}, {0x304E,0x304D,0x3099}, {0x3050,0x304F,0x3099}, {0x3052,0x3051,0x3099}, {0x3054,0x3053,
    0x3099}, {0x3056,0x3055,0x3099}, {0x3058,0x3057,0x3099}, {0x305A,0x3059,0x3099}, {0x305C,0x305B,0x3099}, {0x305E,0x305D,0x3099}, {0x3060,0x305F,0x3099}, {0x3062,0x3061,0x3099}, {0x3065,0x3064,
    0x3099}, {0x3067,0x3066,0x3099}, {0x3069,0x3068,0x3099}, {0x3070,0x306F,0x3099}, {0x3071,0x306F,0x309A}, {0x3073,0x3072,0x3099}, {0x3074,0x3072,0x309A}, {0x3076,0x3075,0x3099}, {0x3077,0x3075,
    0x309A}, {0x3079,0x3078,0x3099}, {0x307A,0x3078,0x309A}, {0x307C,0x307B,0x3099}, {0x307D,0x307B,0x309A}, {0x3094,0x3046,0x3099}, {0x309E,0x309D,0x3099}, {0x30AC,0x30AB,0x3099}, {0x30AE,0x30AD,
    0x3099}, {0x30B0,0x30AF,0x3099}, {0x30B2,0x30B1,0x3099}, {0x30B4,0x30B3,0x3099}, {0x30B6,0x30B5,0x3099}, {0x30B8,0x30B7,0x3099}, {0x30BA,0x30B9,0x3099}, {0x30BC,0x30BB,0x3099}, {0x30BE,0x30BD,
    0x3099}, {0x30C0,0x30BF,0x3099}, {0x30C2,0x30C1,0x3099}, {0x30C5,0x30C4,0x3099}, {0x30C7,0x30C6,0x3099}, {0x30C9,0x30C8,0x3099}, {0x30D0,0x30CF,0x3099}, {0x30D1,0x30CF,0x309A}, {0x30D3,0x30D2,
    0x3099}, {0x30D4,0x30D2,0x309A}, {0x30D6,0x30D5,0x3099}, {0x30D7,0x30D5,0x309A}, {0x30D9,0x30D8,0x3099}, {0x30DA,0x30D8,0x309A}, {0x30DC,0x30DB,0x3099}, {0x30DD,0x30DB,0x309A}, {0x30F4,0x30A6,
    0x3099}, {0x30F7,0x30EF,0x3099}, {0x30F8,0x30F0,0x3099}, {0x30F9,0x30F1,0x3099}, {0x30FA,0x30F2,0x3099}, {0x30FE,0x30FD,0x3099}, {0xF900,0x8C48,0x0}, {0xF901,0x66F4,0x0}, {0xF902,0x8ECA,0x0},
    {0xF903,0x8CC8,0x0}, {0xF904,0x6ED1,0x0}, {0xF905,0x4E32,0x0}, {0xF906,0x53E5,0x0}, {0xF907,0x9F9C,0x0}, {0xF908,0x9F9C,0x0}, {0xF909,0x5951,0x0}, {0xF90A,0x91D1,0x0}, {0xF90B,0x5587,0x0},
    {0xF90C,0x5948,0x0}, {0xF90D,0x61F6,0x0}, {0xF90E,0x7669,0x0}, {0xF90F,0x7F85,0x0}, {0xF910,0x863F,0x0}, {0xF911,0x87BA,0x0}, {0xF912,0x88F8,0x0}, {0xF913,0x908F,0x0}, {0xF914,0x6A02,0x0},
    {0xF915,0x6D1B,0x0}, {0xF916,0x70D9,0x0}, {0xF917,0x73DE,0x0}, {0xF918,0x843D,0x0}, {0xF919,0x916A,0x0}, {0xF91A,0x99F1,0x0}, {0xF91B,0x4E82,0x0}, {0xF91C,0x5375,0x0}, {0xF91D,0x6B04,0x0},
    {0xF91E,0x721B,0x0}, {0xF91F,0x862D,0x0}, {0xF920,0x9E1E,0x0}, {0xF921,0x5D50,0x0}, {0xF922,0x6FEB,0x0}, {0xF923,0x85CD,0x0}, {0xF924,0x8964,0x0}, {0xF925,0x62C9,0x0}, {0xF926,0x81D8,0x0},
    {0xF927,0x881F,0x0}, {0xF928,0x5ECA,0x0}, {0xF929,0x6717,0x0}, {0xF92A,0x6D6A,0x0}, {0xF92B,0x72FC,0x0}, {0xF92C,0x90CE,0x0}, {0xF92D,0x4F86,0x0}, {0xF92E,0x51B7,0x0}, {0xF92F,0x52DE,0x0},
    {0xF930,0x64C4,0x0}, {0xF931,0x6AD3,0x0}, {0xF932,0x7210,0x0}, {0xF933,0x76E7,0x0}, {0xF934,0x8001,0x0}, {0xF935,0x8606,0x0}, {0xF936,0x865C,0x0}, {0xF937,0x8DEF,0x0}, {0xF938,0x9732,0x0},
    {0xF939,0x9B6F,0x0}, {0xF93A,0x9DFA,0x0}, {0xF93B,0x788C,0x0}, {0xF93C,0x797F,0x0}, {0xF93D,0x7DA0,0x0}, {0xF93E,0x83C9,0x0}, {0xF93F,0x9304,0x0}, {0xF940,0x9E7F,0x0}, {0xF941,0x8AD6,0x0},
    {0xF942,0x58DF,0x0}, {0xF943,0x5F04,0x0}, {0xF944,0x7C60,0x0}, {0xF945,0x807E,0x0}, {0xF946,0x7262,0x0}, {0xF947,0x78CA,0x0}, {0xF948,0x8CC2,0x0}, {0xF949,0x96F7,0x0}, {0xF94A,0x58D8,0x0},
    {0xF94B,0x5C62,0x0}, {0xF94C,0x6A13,0x0}, {0xF94D,0x6DDA,0x0}, {0xF94E,0x6F0F,0x0}, {0xF94F,0x7D2F,0x0}, {0xF950,0x7E37,0x0}, {0xF951,0x964B,0x0}, {0xF952,0x52D2,0x0}, {0xF953,0x808B,0x0},
    {0xF954,0x51DC,0x0}, {0xF955,0x51CC,0x0}, {0xF956,0x7A1C,0x0}, {0xF957,0x7DBE,0x0}, {0xF958,0x83F1,0x0}, {0xF959,0x9675,0x0}, {0xF95A,0x8B80,0x0}, {0xF95B,0x62CF,0x0}, {0xF95C,0x6A02,0x0},
    {0xF95D,0x8AFE,0x0}, {0xF95E,0x4E39,0x0}, {0xF95F,0x5BE7,0x0}, {0xF960,0x6012,0x0}, {0xF961,0x7387,0x0}, {0xF962,0x7570,0x0}, {0xF963,0x5317,0x0}, {0xF964,0x78FB,0x0}, {0xF965,0x4FBF,0x0},
    {0xF966,0x5FA9,0x0}, {0xF967,0x4E0D,0x0}, {0xF968,0x6CCC,0x0}, {0xF969,0x6578,0x0}, {0xF96A,0x7D22,0x0}, {0xF96B,0x53C3,0x0}, {0xF96C,0x585E,0x0}, {0xF96D,0x7701,0x0}, {0xF96E,0x8449,0x0},
    {0xF96F,0x8AAA,0x0}, {0xF970,0x6BBA,0x0}, {0xF971,0x8FB0,0x0}, {0xF972,0x6C88,0x0}, {0xF973,0x62FE,0x0}, {0xF974,0x82E5,0x0}, {0xF975,0x63A0,0x0}, {0xF976,0x7565,0x0}, {0xF977,0x4EAE,0x0},
    {0xF978,0x5169,0x0}, {0xF979,0x51C9,0x0}, {0xF97A,0x6881,0x0}, {0xF97B,0x7CE7,0x0}, {0xF97C,0x826F,0x0}, {0xF97D,0x8AD2,0x0}, {0xF97E,0x91CF,0x0}, {0xF97F,0x52F5,0x0}, {0xF980,0x5442,0x0},
    {0xF981,0x5973,0x0}, {0xF982,0x5EEC,0x0}, {0xF983,0x65C5,0x0}, {0xF984,0x6FFE,0x0}, {0xF985,0x792A,0x0}, {0xF986,0x95AD,0x0}, {0xF987,0x9A6A,0x0}, {0xF988,0x9E97,0x0}, {0xF989,0x9ECE,0x0},
    {0xF98A,0x529B,0x0}, {0xF98B,0x66C6,0x0}, {0xF98C,0x6B77,0x0}, {0xF98D,0x8F62,0x0}, {0xF98E,0x5E74,0x0}, {0xF98F,0x6190,0x0}, {0xF990,0x6200,0x0}, {0xF991,0x649A,0x0}, {0xF992,0x6F23,0x0},
    {0xF993,0x7149,0x0}, {0xF994,0x7489,0x0}, {0xF995,0x79CA,0x0}, {0xF996,0x7DF4,0x0}, {0xF997,0x806F,0x0}, {0xF998,0x8F26,0x0}, {0xF999,0x84EE,0x0}, {0xF99A,0x9023,0x0}, {0xF99B,0x934A,0x0},
    {0xF99C,0x5217,0x0}, {0xF99D,0x52A3,0x0}, {0xF99E,0x54BD,0x0}, {0xF99F,0x70C8,0x0}, {0xF9A0,0x88C2,0x0}, {0xF9A1,0x8AAA,0x0}, {0xF9A2,0x5EC9,0x0}, {0xF9A3,0x5FF5,0x0}, {0xF9A4,0x637B,0x0},
    {0xF9A5,0x6BAE,0x0}, {0xF9A6,0x7C3E,0x0}, {0xF9A7,0x7375,0x0}, {0xF9A8,0x4EE4,0x0}, {0xF9A9,0x56F9,0x0}, {0xF9AA,0x5BE7,0x0}, {0xF9AB,0x5DBA,0x0}, {0xF9AC,0x601C,0x0}, {0xF9AD,0x73B2,0x0},
    {0xF9AE,0x7469,0x0}, {0xF9AF,0x7F9A,0x0}, {0xF9B0,0x8046,0x0}, {0xF9B1,0x9234,0x0}, {0xF9B2,0x96F6,0x0}, {0xF9B3,0x9748,0x0}, {0xF9B4,0x9818,0x0}, {0xF9B5,0x4F8B,0x0}, {0xF9B6,0x79AE,0x0},
    {0xF9B7,0x91B4,0x0}, {0xF9B8,0x96B8,0x0}, {0xF9B9,0x60E1,0x0}, {0xF9BA,0x4E86,0x0}, {0xF9BB,0x50DA,0x0}, {0xF9BC,0x5BEE,0x0}, {0xF9BD,0x5C3F,0x0}, {0xF9BE,0x6599,0x0}, {0xF9BF,0x6A02,0x0},
    {0xF9C0,0x71CE,0x0}, {0xF9C1,0x7642,0x0}, {0xF9C2,0x84FC,0x0}, {0xF9C3,0x907C,0x0}, {0xF9C4,0x9F8D,0x0}, {0xF9C5,0x6688,0x0}, {0xF9C6,0x962E,0x0}, {0xF9C7,0x5289,0x0}, {0xF9C8,0x677B,0x0},
    {0xF9C9,0x67F3,0x0}, {0xF9CA,0x6D41,0x0}, {0xF9CB,0x6E9C,0x0}, {0xF9CC,0x7409,0x0}, {0xF9CD,0x7559,0x0}, {0xF9CE,0x786B,0x0}, {0xF9CF,0x7D10,0x0}, {0xF9D0,0x985E,0x0}, {0xF9D1,0x516D,0x0},
    {0xF9D2,0x622E,0x0}, {0xF9D3,0x9678,0x0}, {0xF9D4,0x502B,0x0}, {0xF9D5,0x5D19,0x0}, {0xF9D6,0x6DEA,0x0}, {0xF9D7,0x8F2A,0x0}, {0xF9D8,0x5F8B,0x0}, {0xF9D9,0x6144,0x0}, {0xF9DA,0x6817,0x0},
    {0xF9DB,0x7387,0x0}, {0xF9DC,0x9686,0x0}, {0xF9DD,0x5229,0x0}, {0xF9DE,0x540F,0x0}, {0xF9DF,0x5C65,0x0}, {0xF9E0,0x6613,0x0}, {0xF9E1,0x674E,0x0}, {0xF9E2,0x68A8,0x0}, {0xF9E3,0x6CE5,0x0},
    {0xF9E4,0x7406,0x0}, {0xF9E5,0x75E2,0x0}, {0xF9E6,0x7F79,0x0}, {0xF9E7,0x88CF,0x0}, {0xF9E8,0x88E1,0x0}, {0xF9E9,0x91CC,0x0}, {0xF9EA,0x96E2,0x0}, {0xF9EB,0x533F,0x0}, {0xF9EC,0x6EBA,0x0},
    {0xF9ED,0x541D,0x0}, {0xF9EE,0x71D0,0x0}, {0xF9EF,0x7498,0x0}, {0xF9F0,0x85FA,0x0}, {0xF9F1,0x96A3,0x0}, {0xF9F2,0x9C57,0x0}, {0xF9F3,0x9E9F,0x0}, {0xF9F4,0x6797,0x0}, {0xF9F5,0x6DCB,0x0},
    {0xF9F6,0x81E8,0x0}, {0xF9F7,0x7ACB,0x0}, {0xF9F8,0x7B20,0x0}, {0xF9F9,0x7C92,0x0}, {0xF9FA,0x72C0,0x0}, {0xF9FB,0x7099,0x0}, {0xF9FC,0x8B58,0x0}, {0xF9FD,0x4EC0,0x0}, {0xF9FE,0x8336,0x0},
    {0xF9FF,0x523A,0x0}, {0xFA00,0x5207,0x0}, {0xFA01,0x5EA6,0x0}, {0xFA02,0x62D3,0x0}, {0xFA03,0x7CD6,0x0}, {0xFA04,0x5B85,0x0}, {0xFA05,0x6D1E,0x0}, {0xFA06,0x66B4,0x0}, {0xFA07,0x8F3B,0x0},
    {0xFA08,0x884C,0x0}, {0xFA09,0x964D,0x0}, {0xFA0A,0x898B,0x0}, {0xFA0B,0x5ED3,0x0}, {0xFA0C,0x5140,0x0}, {0xFA0D,0x55C0,0x0}, {0xFA10,0x585A,0x0}, {0xFA12,0x6674,0x0}, {0xFA15,0x51DE,0x0},
    {0xFA16,0x732A,0x0}, {0xFA17,0x76CA,0x0}, {0xFA18,0x793C,0x0}, {0xFA19,0x795E,0x0}, {0xFA1A,0x7965,0x0}, {0xFA1B,0x798F,0x0}, {0xFA1C,0x9756,0x0}, {0xFA1D,0x7CBE,0x0}, {0xFA1E,0x7FBD,0x0},
    {0xFA20,0x8612,0x0}, {0xFA22,0x8AF8,0x0}, {0xFA25,0x9038,0x0}, {0xFA26,0x90FD,0x0}, {0xFA2A,0x98EF,0x0}, {0xFA2B,0x98FC,0x0}, {0xFA2C,0x9928,0x0}, {0xFA2D,0x9DB4,0x0}, {0xFA2E,0x90DE,0x0},
    {0xFA2F,0x96B7,0x0}, {0xFA30,0x4FAE,0x0}, {0xFA31,0x50E7,0x0}, {0xFA32,0x514D,0x0}, {0xFA33,0x52C9,0x0}, {0xFA34,0x52E4,0x0}, {0xFA35,0x5351,0x0}, {0xFA36,0x559D,0x0}, {0xFA37,0x5606,0x0},
    {0xFA38,0x5668,0x0}, {0xFA39,0x5840,0x0}, {0xFA3A,0x58A8,0x0}, {0xFA3B,0x5C64,0x0}, {0xFA3C,0x5C6E,0x0}, {0xFA3D,0x6094,0x0}, {0xFA3E,0x6168,0x0}, {0xFA3F,0x618E,0x0}, {0xFA40,0x61F2,0x0},
    {0xFA41,0x654F,0x0}, {0xFA42,0x65E2,0x0}, {0xFA43,0x6691,0x0}, {0xFA44,0x6885,0x0}, {0xFA45,0x6D77,0x0}, {0xFA46,0x6E1A,0x0}, {0xFA47,0x6F22,0x0}, {0xFA48,0x716E,0x0}, {0xFA49,0x722B,0x0},
    {0xFA4A,0x7422,0x0}, {0xFA4B,0x7891,0x0}, {0xFA4C,0x793E,0x0}, {0xFA4D,0x7949,0x0}, {0xFA4E,0x7948,0x0}, {0xFA4F,0x7950,0x0}, {0xFA50,0x7956,0x0}, {0xFA51,0x795D,0x0}, {0xFA52,0x798D,0x0},
    {0xFA53,0x798E,0x0}, {0xFA54,0x7A40,0x0}, {0xFA55,0x7A81,0x0}, {0xFA56,0x7BC0,0x0}, {0xFA57,0x7DF4,0x0}, {0xFA58,0x7E09,0x0}, {0xFA59,0x7E41,0x0}, {0xFA5A,0x7F72,0x0}, {0xFA5B,0x8005,0x0},
    {0xFA5C,0x81ED,0x0}, {0xFA5D,0x8279,0x0}, {0xFA5E,0x8279,0x0}, {0xFA5F,0x8457,0x0}, {0xFA60,0x8910,0x0}, {0xFA61,0x8996,0x0}, {0xFA62,0x8B01,0x0}, {0xFA63,0x8B39,0x0}, {0xFA64,0x8CD3,0x0},
    {0xFA65,0x8D08,0x0}, {0xFA66,0x8FB6,0x0}, {0xFA67,0x9038,0x0}, {0xFA68,0x96E3,0x0}, {0xFA69,0x97FF,0x0}, {0xFA6A,0x983B,0x0}, {0xFA6B,0x6075,0x0}, {0xFA6C,0x242EE,0x0}, {0xFA6D,0x8218,0x0},
    {0xFA70,0x4E26,0x0}, {0xFA71,0x51B5,0x0}, {0xFA72,0x5168,0x0}, {0xFA73,0x4F80,0x0}, {0xFA74,0x5145,0x0}, {0xFA75,0x5180,0x0}, {0xFA76,0x52C7,0x0}, {0xFA77,0x52FA,0x0}, {0xFA78,0x559D,0x0},
    {0xFA79,0x5555,0x0}, {0xFA7A,0x5599,0x0}, {0xFA7B,0x55E2,0x0}, {0xFA7C,0x585A,0x0}, {0xFA7D,0x58B3,0x0}, {0xFA7E,0x5944,0x0}, {0xFA7F,0x5954,0x0}, {0xFA80,0x5A62,0x0}, {0xFA81,0x5B28,0x0},
    {0xFA82,0x5ED2,0x0}, {0xFA83,0x5ED9,0x0}, {0xFA84,0x5F69,0x0}, {0xFA85,0x5FAD,0x0}, {0xFA86,0x60D8,0x0}, {0xFA87,0x614E,0x0}, {0xFA88,0x6108,0x0}, {0xFA89,0x618E,0x0}, {0xFA8A,0x6160,0x0},
    {0xFA8B,0x61F2,0x0}, {0xFA8C,0x6234,0x0}, {0xFA8D,0x63C4,0x0}, {0xFA8E,0x641C,0x0}, {0xFA8F,0x6452,0x0}, {0xFA90,0x6556,0x0}, {0xFA91,0x6674,0x0}, {0xFA92,0x6717,0x0}, {0xFA93,0x671B,0x0},
    {0xFA94,0x6756,0x0}, {0xFA95,0x6B79,0x0}, {0xFA96,0x6BBA,0x0}, {0xFA97,0x6D41,0x0}, {0xFA98,0x6EDB,0x0}, {0xFA99,0x6ECB,0x0}, {0xFA9A,0x6F22,0x0}, {0xFA9B,0x701E,0x0}, {0xFA9C,0x716E,0x0},
    {0xFA9D,0x77A7,0x0}, {0xFA9E,0x7235,0x0}, {0xFA9F,0x72AF,0x0}, {0xFAA0,0x732A,0x0}, {0xFAA1,0x7471,0x0}, {0xFAA2,0x7506,0x0}, {0xFAA3,0x753B,0x0}, {0xFAA4,0x761D,0x0}, {0xFAA5,0x761F,0x0},
    {0xFAA6,0x76CA,0x0}, {0xFAA7,0x76DB,0x0}, {0xFAA8,0x76F4,0x0}, {0xFAA9,0x774A,0x0}, {0xFAAA,0x7740,0x0}, {0xFAAB,0x78CC,0x0}, {0xFAAC,0x7AB1,0x0}, {0xFAAD,0x7BC0,0x0}, {0xFAAE,0x7C7B,0x0},
    {0xFAAF,0x7D5B,0x0}, {0xFAB0,0x7DF4,0x0}, {0xFAB1,0x7F3E,0x0}, {0xFAB2,0x8005,0x0}, {0xFAB3,0x8352,0x0}, {0xFAB4,0x83EF,0x0}, {0xFAB5,0x8779,0x0}, {0xFAB6,0x8941,0x0}, {0xFAB7,0x8986,0x0},
    {0xFAB8,0x8996,0x0}, {0xFAB9,0x8ABF,0x0}, {0xFABA,0x8AF8,0x0}, {0xFABB,0x8ACB,0x0}, {0xFABC,0x8B01,0x0}, {0xFABD,0x8AFE,0x0}, {0xFABE,0x8AED,0x0}, {0xFABF,0x8B39,0x0}, {0xFAC0,0x8B8A,0x0},
    {0xFAC1,0x8D08,0x0}, {0xFAC2,0x8F38,0x0}, {0xFAC3,0x9072,0x0}, {0xFAC4,0x9199,0x0}, {0xFAC5,0x9276,0x0}, {0xFAC6,0x967C,0x0}, {0xFAC7,0x96E3,0x0}, {0xFAC8,0x9756,0x0}, {0xFAC9,0x97DB,0x0},
    {0xFACA,0x97FF,0x0}, {0xFACB,0x980B,0x0}, {0xFACC,0x983B,0x0}, {0xFACD,0x9B12,0x0}, {0xFACE,0x9F9C,0x0}, {0xFACF,0x2284A,0x0}, {0xFAD0,0x22844,0x0}, {0xFAD1,0x233D5,0x0}, {0xFAD2,0x3B9D,0x0},
    {0xFAD3,0x4018,0x0}, {0xFAD4,0x4039,0x0}, {0xFAD5,0x25249,0x0}, {0xFAD6,0x25CD0,0x0}, {0xFAD7,0x27ED3,0x0}, {0xFAD8,0x9F43,0x0}, {0xFAD9,0x9F8E,0x0}, {0xFB1D,0x5D9,0x5B4}, {0xFB1F,0x5F2,0x5B7},
    {0xFB2A,0x5E9,0x5C1}, {0xFB2B,0x5E9,0x5C2}, {0xFB2C,0xFB49,0x5C1}, {0xFB2D,0xFB49,0x5C2}, {0xFB2E,0x5D0,0x5B7}, {0xFB2F,0x5D0,0x5B8}, {0xFB30,0x5D0,0x5BC}, {0xFB31,0x5D1,0x5BC}, {0xFB32,0x5D2,
    0x5BC}, {0xFB33,0x5D3,0x5BC}, {0xFB34,0x5D4,0x5BC}, {0xFB35,0x5D5,0x5BC}, {0xFB36,0x5D6,0x5BC}, {0xFB38,0x5D8,0x5BC}, {0xFB39,0x5D9,0x5BC}, {0xFB3A,0x5DA,0x5BC}, {0xFB3B,0x5DB,0x5BC}, {0xFB3C,
    0x5DC,0x5BC}, {0xFB3E,0x5DE,0x5BC}, {0xFB40,0x5E0,0x5BC}, {0xFB41,0x5E1,0x5BC}, {0xFB43,0x5E3,0x5BC}, {0xFB44,0x5E4,0x5BC}, {0xFB46,0x5E6,0x5BC}, {0xFB47,0x5E7,0x5BC}, {0xFB48,0x5E8,0x5BC},
    {0xFB49,0x5E9,0x5BC}, {0xFB4A,0x5EA,0x5BC}, {0xFB4B,0x5D5,0x5B9}, {0xFB4C,0x5D1,0x5BF}, {0xFB4D,0x5DB,0x5BF}, {0xFB4E,0x5E4,0x5BF}, {0x105C9,0x105D2,0x307}, {0x105E4,0x105DA,0x307}, {0x1109A,
    0x11099,0x110BA}, {0x1109C,0x1109B,0x110BA}, {0x110AB,0x110A5,0x110BA}, {0x1112E,0x11131,0x11127}, {0x1112F,0x11132,0x11127}, {0x1134B,0x11347,0x1133E}, {0x1134C,0x11347,0x11357}, {0x11383,
    0x11382,0x113C9}, {0x11385,0x11384,0x113BB}, {0x1138E,0x1138B,0x113C2}, {0x11391,0x11390,0x113C9}, {0x113C5,0x113C2,0x113C2}, {0x113C7,0x113C2,0x113B8}, {0x113C8,0x113C2,0x113C9}, {0x114BB,
    0x114B9,0x114BA}, {0x114BC,0x114B9,0x114B0}, {0x114BE,0x114B9,0x114BD}, {0x115BA,0x115B8,0x115AF}, {0x115BB,0x115B9,0x115AF}, {0x11938,0x11935,0x11930}, {0x16121,0x1611E,0x1611E}, {0x16122,
    0x1611E,0x16129}, {0x16123,0x1611E,0x1611F}, {0x16124,0x16129,0x1611F}, {0x16125,0x1611E,0x16120}, {0x16126,0x16121,0x1611F}, {0x16127,0x16122,0x1611F}, {0x16128,0x16121,0x16120}, {0x16D68,
    0x16D67,0x16D67}, {0x16D69,0x16D63,0x16D67}, {0x16D6A,0x16D69,0x16D67}, {0x1D15E,0x1D157,0x1D165}, {0x1D15F,0x1D158,0x1D165}, {0x1D160,0x1D15F,0x1D16E}, {0x1D161,0x1D15F,0x1D16F}, {0x1D162,
    0x1D15F,0x1D170}, {0x1D163,0x1D15F,0x1D171}, {0x1D164,0x1D15F,0x1D172}, {0x1D1BB,0x1D1B9,0x1D165}, {0x1D1BC,0x1D1BA,0x1D165}, {0x1D1BD,0x1D1BB,0x1D16E}, {0x1D1BE,0x1D1BC,0x1D16E}, {0x1D1BF,
    0x1D1BB,0x1D16F}, {0x1D1C0,0x1D1BC,0x1D16F}, {0x2F800,0x4E3D,0x0}, {0x2F801,0x4E38,0x0}, {0x2F802,0x4E41,0x0}, {0x2F803,0x20122,0x0}, {0x2F804,0x4F60,0x0}, {0x2F805,0x4FAE,0x0}, {0x2F806,0x4FBB,
    0x0}, {0x2F807,0x5002,0x0}, {0x2F808,0x507A,0x0}, {0x2F809,0x5099,0x0}, {0x2F80A,0x50E7,0x0}, {0x2F80B,0x50CF,0x0}, {0x2F80C,0x349E,0x0}, {0x2F80D,0x2063A,0x0}, {0x2F80E,0x514D,0x0}, {0x2F80F,
    0x5154,0x0}, {0x2F810,0x5164,0x0}, {0x2F811,0x5177,0x0}, {0x2F812,0x2051C,0x0}, {0x2F813,0x34B9,0x0}, {0x2F814,0x5167,0x0}, {0x2F815,0x518D,0x0}, {0x2F816,0x2054B,0x0}, {0x2F817,0x5197,0x0},
    {0x2F818,0x51A4,0x0}, {0x2F819,0x4ECC,0x0}, {0x2F81A,0x51AC,0x0}, {0x2F81B,0x51B5,0x0}, {0x2F81C,0x291DF,0x0}, {0x2F81D,0x51F5,0x0}, {0x2F81E,0x5203,0x0}, {0x2F81F,0x34DF,0x0}, {0x2F820,0x523B,
    0x0}, {0x2F821,0x5246,0x0}, {0x2F822,0x5272,0x0}, {0x2F823,0x5277,0x0}, {0x2F824,0x3515,0x0}, {0x2F825,0x52C7,0x0}, {0x2F826,0x52C9,0x0}, {0x2F827,0x52E4,0x0}, {0x2F828,0x52FA,0x0}, {0x2F829,
    0x5305,0x0}, {0x2F82A,0x5306,0x0}, {0x2F82B,0x5317,0x0}, {0x2F82C,0x5349,0x0}, {0x2F82D,0x5351,0x0}, {0x2F82E,0x535A,0x0}, {0x2F82F,0x5373,0x0}, {0x2F830,0x537D,0x0}, {0x2F831,0x537F,0x0},
    {0x2F832,0x537F,0x0}, {0x2F833,0x537F,0x0}, {0x2F834,0x20A2C,0x0}, {0x2F835,0x7070,0x0}, {0x2F836,0x53CA,0x0}, {0x2F837,0x53DF,0x0}, {0x2F838,0x20B63,0x0}, {0x2F839,0x53EB,0x0}, {0x2F83A,0x53F1,
    0x0}, {0x2F83B,0x5406,0x0}, {0x2F83C,0x549E,0x0}, {0x2F83D,0x5438,0x0}, {0x2F83E,0x5448,0x0}, {0x2F83F,0x5468,0x0}, {0x2F840,0x54A2,0x0}, {0x2F841,0x54F6,0x0}, {0x2F842,0x5510,0x0}, {0x2F843,
    0x5553,0x0}, {0x2F844,0x5563,0x0}, {0x2F845,0x5584,0x0}, {0x2F846,0x5584,0x0}, {0x2F847,0x5599,0x0}, {0x2F848,0x55AB,0x0}, {0x2F849,0x55B3,0x0}, {0x2F84A,0x55C2,0x0}, {0x2F84B,0x5716,0x0},
    {0x2F84C,0x5606,0x0}, {0x2F84D,0x5717,0x0}, {0x2F84E,0x5651,0x0}, {0x2F84F,0x5674,0x0}, {0x2F850,0x5207,0x0}, {0x2F851,0x58EE,0x0}, {0x2F852,0x57CE,0x0}, {0x2F853,0x57F4,0x0}, {0x2F854,0x580D,
    0x0}, {0x2F855,0x578B,0x0}, {0x2F856,0x5832,0x0}, {0x2F857,0x5831,0x0}, {0x2F858,0x58AC,0x0}, {0x2F859,0x214E4,0x0}, {0x2F85A,0x58F2,0x0}, {0x2F85B,0x58F7,0x0}, {0x2F85C,0x5906,0x0}, {0x2F85D,
    0x591A,0x0}, {0x2F85E,0x5922,0x0}, {0x2F85F,0x5962,0x0}, {0x2F860,0x216A8,0x0}, {0x2F861,0x216EA,0x0}, {0x2F862,0x59EC,0x0}, {0x2F863,0x5A1B,0x0}, {0x2F864,0x5A27,0x0}, {0x2F865,0x59D8,0x0},
    {0x2F866,0x5A66,0x0}, {0x2F867,0x36EE,0x0}, {0x2F868,0x36FC,0x0}, {0x2F869,0x5B08,0x0}, {0x2F86A,0x5B3E,0x0}, {0x2F86B,0x5B3E,0x0}, {0x2F86C,0x219C8,0x0}, {0x2F86D,0x5BC3,0x0}, {0x2F86E,0x5BD8,
    0x0}, {0x2F86F,0x5BE7,0x0}, {0x2F870,0x5BF3,0x0}, {0x2F871,0x21B18,0x0}, {0x2F872,0x5BFF,0x0}, {0x2F873,0x5C06,0x0}, {0x2F874,0x5F53,0x0}, {0x2F875,0x5C22,0x0}, {0x2F876,0x3781,0x0}, {0x2F877,
    0x5C60,0x0}, {0x2F878,0x5C6E,0x0}, {0x2F879,0x5CC0,0x0}, {0x2F87A,0x5C8D,0x0}, {0x2F87B,0x21DE4,0x0}, {0x2F87C,0x5D43,0x0}, {0x2F87D,0x21DE6,0x0}, {0x2F87E,0x5D6E,0x0}, {0x2F87F,0x5D6B,0x0},
    {0x2F880,0x5D7C,0x0}, {0x2F881,0x5DE1,0x0}, {0x2F882,0x5DE2,0x0}, {0x2F883,0x382F,0x0}, {0x2F884,0x5DFD,0x0}, {0x2F885,0x5E28,0x0}, {0x2F886,0x5E3D,0x0}, {0x2F887,0x5E69,0x0}, {0x2F888,0x3862,
    0x0}, {0x2F889,0x22183,0x0}, {0x2F88A,0x387C,0x0}, {0x2F88B,0x5EB0,0x0}, {0x2F88C,0x5EB3,0x0}, {0x2F88D,0x5EB6,0x0}, {0x2F88E,0x5ECA,0x0}, {0x2F88F,0x2A392,0x0}, {0x2F890,0x5EFE,0x0}, {0x2F891,
    0x22331,0x0}, {0x2F892,0x22331,0x0}, {0x2F893,0x8201,0x0}, {0x2F894,0x5F22,0x0}, {0x2F895,0x5F22,0x0}, {0x2F896,0x38C7,0x0}, {0x2F897,0x232B8,0x0}, {0x2F898,0x261DA,0x0}, {0x2F899,0x5F62,0x0},
    {0x2F89A,0x5F6B,0x0}, {0x2F89B,0x38E3,0x0}, {0x2F89C,0x5F9A,0x0}, {0x2F89D,0x5FCD,0x0}, {0x2F89E,0x5FD7,0x0}, {0x2F89F,0x5FF9,0x0}, {0x2F8A0,0x6081,0x0}, {0x2F8A1,0x393A,0x0}, {0x2F8A2,0x391C,
    0x0}, {0x2F8A3,0x6094,0x0}, {0x2F8A4,0x226D4,0x0}, {0x2F8A5,0x60C7,0x0}, {0x2F8A6,0x6148,0x0}, {0x2F8A7,0x614C,0x0}, {0x2F8A8,0x614E,0x0}, {0x2F8A9,0x614C,0x0}, {0x2F8AA,0x617A,0x0}, {0x2F8AB,
    0x618E,0x0}, {0x2F8AC,0x61B2,0x0}, {0x2F8AD,0x61A4,0x0}, {0x2F8AE,0x61AF,0x0}, {0x2F8AF,0x61DE,0x0}, {0x2F8B0,0x61F2,0x0}, {0x2F8B1,0x61F6,0x0}, {0x2F8B2,0x6210,0x0}, {0x2F8B3,0x621B,0x0},
    {0x2F8B4,0x625D,0x0}, {0x2F8B5,0x62B1,0x0}, {0x2F8B6,0x62D4,0x0}, {0x2F8B7,0x6350,0x0}, {0x2F8B8,0x22B0C,0x0}, {0x2F8B9,0x633D,0x0}, {0x2F8BA,0x62FC,0x0}, {0x2F8BB,0x6368,0x0}, {0x2F8BC,0x6383,
    0x0}, {0x2F8BD,0x63E4,0x0}, {0x2F8BE,0x22BF1,0x0}, {0x2F8BF,0x6422,0x0}, {0x2F8C0,0x63C5,0x0}, {0x2F8C1,0x63A9,0x0}, {0x2F8C2,0x3A2E,0x0}, {0x2F8C3,0x6469,0x0}, {0x2F8C4,0x647E,0x0}, {0x2F8C5,
    0x649D,0x0}, {0x2F8C6,0x6477,0x0}, {0x2F8C7,0x3A6C,0x0}, {0x2F8C8,0x654F,0x0}, {0x2F8C9,0x656C,0x0}, {0x2F8CA,0x2300A,0x0}, {0x2F8CB,0x65E3,0x0}, {0x2F8CC,0x66F8,0x0}, {0x2F8CD,0x6649,0x0},
    {0x2F8CE,0x3B19,0x0}, {0x2F8CF,0x6691,0x0}, {0x2F8D0,0x3B08,0x0}, {0x2F8D1,0x3AE4,0x0}, {0x2F8D2,0x5192,0x0}, {0x2F8D3,0x5195,0x0}, {0x2F8D4,0x6700,0x0}, {0x2F8D5,0x669C,0x0}, {0x2F8D6,0x80AD,
    0x0}, {0x2F8D7,0x43D9,0x0}, {0x2F8D8,0x6717,0x0}, {0x2F8D9,0x671B,0x0}, {0x2F8DA,0x6721,0x0}, {0x2F8DB,0x675E,0x0}, {0x2F8DC,0x6753,0x0}, {0x2F8DD,0x233C3,0x0}, {0x2F8DE,0x3B49,0x0}, {0x2F8DF,
    0x67FA,0x0}, {0x2F8E0,0x6785,0x0}, {0x2F8E1,0x6852,0x0}, {0x2F8E2,0x6885,0x0}, {0x2F8E3,0x2346D,0x0}, {0x2F8E4,0x688E,0x0}, {0x2F8E5,0x681F,0x0}, {0x2F8E6,0x6914,0x0}, {0x2F8E7,0x3B9D,0x0},
    {0x2F8E8,0x6942,0x0}, {0x2F8E9,0x69A3,0x0}, {0x2F8EA,0x69EA,0x0}, {0x2F8EB,0x6AA8,0x0}, {0x2F8EC,0x236A3,0x0}, {0x2F8ED,0x6ADB,0x0}, {0x2F8EE,0x3C18,0x0}, {0x2F8EF,0x6B21,0x0}, {0x2F8F0,0x238A7,
    0x0}, {0x2F8F1,0x6B54,0x0}, {0x2F8F2,0x3C4E,0x0}, {0x2F8F3,0x6B72,0x0}, {0x2F8F4,0x6B9F,0x0}, {0x2F8F5,0x6BBA,0x0}, {0x2F8F6,0x6BBB,0x0}, {0x2F8F7,0x23A8D,0x0}, {0x2F8F8,0x21D0B,0x0}, {0x2F8F9,
    0x23AFA,0x0}, {0x2F8FA,0x6C4E,0x0}, {0x2F8FB,0x23CBC,0x0}, {0x2F8FC,0x6CBF,0x0}, {0x2F8FD,0x6CCD,0x0}, {0x2F8FE,0x6C67,0x0}, {0x2F8FF,0x6D16,0x0}, {0x2F900,0x6D3E,0x0}, {0x2F901,0x6D77,0x0},
    {0x2F902,0x6D41,0x0}, {0x2F903,0x6D69,0x0}, {0x2F904,0x6D78,0x0}, {0x2F905,0x6D85,0x0}, {0x2F906,0x23D1E,0x0}, {0x2F907,0x6D34,0x0}, {0x2F908,0x6E2F,0x0}, {0x2F909,0x6E6E,0x0}, {0x2F90A,0x3D33,
    0x0}, {0x2F90B,0x6ECB,0x0}, {0x2F90C,0x6EC7,0x0}, {0x2F90D,0x23ED1,0x0}, {0x2F90E,0x6DF9,0x0}, {0x2F90F,0x6F6E,0x0}, {0x2F910,0x23F5E,0x0}, {0x2F911,0x23F8E,0x0}, {0x2F912,0x6FC6,0x0}, {0x2F913,
    0x7039,0x0}, {0x2F914,0x701E,0x0}, {0x2F915,0x701B,0x0}, {0x2F916,0x3D96,0x0}, {0x2F917,0x704A,0x0}, {0x2F918,0x707D,0x0}, {0x2F919,0x7077,0x0}, {0x2F91A,0x70AD,0x0}, {0x2F91B,0x20525,0x0},
    {0x2F91C,0x7145,0x0}, {0x2F91D,0x24263,0x0}, {0x2F91E,0x719C,0x0}, {0x2F91F,0x243AB,0x0}, {0x2F920,0x7228,0x0}, {0x2F921,0x7235,0x0}, {0x2F922,0x7250,0x0}, {0x2F923,0x24608,0x0}, {0x2F924,0x7280,
    0x0}, {0x2F925,0x7295,0x0}, {0x2F926,0x24735,0x0}, {0x2F927,0x24814,0x0}, {0x2F928,0x737A,0x0}, {0x2F929,0x738B,0x0}, {0x2F92A,0x3EAC,0x0}, {0x2F92B,0x73A5,0x0}, {0x2F92C,0x3EB8,0x0}, {0x2F92D,
    0x3EB8,0x0}, {0x2F92E,0x7447,0x0}, {0x2F92F,0x745C,0x0}, {0x2F930,0x7471,0x0}, {0x2F931,0x7485,0x0}, {0x2F932,0x74CA,0x0}, {0x2F933,0x3F1B,0x0}, {0x2F934,0x7524,0x0}, {0x2F935,0x24C36,0x0},
    {0x2F936,0x753E,0x0}, {0x2F937,0x24C92,0x0}, {0x2F938,0x7570,0x0}, {0x2F939,0x2219F,0x0}, {0x2F93A,0x7610,0x0}, {0x2F93B,0x24FA1,0x0}, {0x2F93C,0x24FB8,0x0}, {0x2F93D,0x25044,0x0}, {0x2F93E,
    0x3FFC,0x0}, {0x2F93F,0x4008,0x0}, {0x2F940,0x76F4,0x0}, {0x2F941,0x250F3,0x0}, {0x2F942,0x250F2,0x0}, {0x2F943,0x25119,0x0}, {0x2F944,0x25133,0x0}, {0x2F945,0x771E,0x0}, {0x2F946,0x771F,0x0},
    {0x2F947,0x771F,0x0}, {0x2F948,0x774A,0x0}, {0x2F949,0x4039,0x0}, {0x2F94A,0x778B,0x0}, {0x2F94B,0x4046,0x0}, {0x2F94C,0x4096,0x0}, {0x2F94D,0x2541D,0x0}, {0x2F94E,0x784E,0x0}, {0x2F94F,0x788C,
    0x0}, {0x2F950,0x78CC,0x0}, {0x2F951,0x40E3,0x0}, {0x2F952,0x25626,0x0}, {0x2F953,0x7956,0x0}, {0x2F954,0x2569A,0x0}, {0x2F955,0x256C5,0x0}, {0x2F956,0x798F,0x0}, {0x2F957,0x79EB,0x0}, {0x2F958,
    0x412F,0x0}, {0x2F959,0x7A40,0x0}, {0x2F95A,0x7A4A,0x0}, {0x2F95B,0x7A4F,0x0}, {0x2F95C,0x2597C,0x0}, {0x2F95D,0x25AA7,0x0}, {0x2F95E,0x25AA7,0x0}, {0x2F95F,0x7AEE,0x0}, {0x2F960,0x4202,0x0},
    {0x2F961,0x25BAB,0x0}, {0x2F962,0x7BC6,0x0}, {0x2F963,0x7BC9,0x0}, {0x2F964,0x4227,0x0}, {0x2F965,0x25C80,0x0}, {0x2F966,0x7CD2,0x0}, {0x2F967,0x42A0,0x0}, {0x2F968,0x7CE8,0x0}, {0x2F969,0x7CE3,
    0x0}, {0x2F96A,0x7D00,0x0}, {0x2F96B,0x25F86,0x0}, {0x2F96C,0x7D63,0x0}, {0x2F96D,0x4301,0x0}, {0x2F96E,0x7DC7,0x0}, {0x2F96F,0x7E02,0x0}, {0x2F970,0x7E45,0x0}, {0x2F971,0x4334,0x0}, {0x2F972,
    0x26228,0x0}, {0x2F973,0x26247,0x0}, {0x2F974,0x4359,0x0}, {0x2F975,0x262D9,0x0}, {0x2F976,0x7F7A,0x0}, {0x2F977,0x2633E,0x0}, {0x2F978,0x7F95,0x0}, {0x2F979,0x7FFA,0x0}, {0x2F97A,0x8005,0x0},
    {0x2F97B,0x264DA,0x0}, {0x2F97C,0x26523,0x0}, {0x2F97D,0x8060,0x0}, {0x2F97E,0x265A8,0x0}, {0x2F97F,0x8070,0x0}, {0x2F980,0x2335F,0x0}, {0x2F981,0x43D5,0x0}, {0x2F982,0x80B2,0x0}, {0x2F983,0x8103,
    0x0}, {0x2F984,0x440B,0x0}, {0x2F985,0x813E,0x0}, {0x2F986,0x5AB5,0x0}, {0x2F987,0x267A7,0x0}, {0x2F988,0x267B5,0x0}, {0x2F989,0x23393,0x0}, {0x2F98A,0x2339C,0x0}, {0x2F98B,0x8201,0x0}, {0x2F98C,
    0x8204,0x0}, {0x2F98D,0x8F9E,0x0}, {0x2F98E,0x446B,0x0}, {0x2F98F,0x8291,0x0}, {0x2F990,0x828B,0x0}, {0x2F991,0x829D,0x0}, {0x2F992,0x52B3,0x0}, {0x2F993,0x82B1,0x0}, {0x2F994,0x82B3,0x0},
    {0x2F995,0x82BD,0x0}, {0x2F996,0x82E6,0x0}, {0x2F997,0x26B3C,0x0}, {0x2F998,0x82E5,0x0}, {0x2F999,0x831D,0x0}, {0x2F99A,0x8363,0x0}, {0x2F99B,0x83AD,0x0}, {0x2F99C,0x8323,0x0}, {0x2F99D,0x83BD,
    0x0}, {0x2F99E,0x83E7,0x0}, {0x2F99F,0x8457,0x0}, {0x2F9A0,0x8353,0x0}, {0x2F9A1,0x83CA,0x0}, {0x2F9A2,0x83CC,0x0}, {0x2F9A3,0x83DC,0x0}, {0x2F9A4,0x26C36,0x0}, {0x2F9A5,0x26D6B,0x0}, {0x2F9A6,
    0x26CD5,0x0}, {0x2F9A7,0x452B,0x0}, {0x2F9A8,0x84F1,0x0}, {0x2F9A9,0x84F3,0x0}, {0x2F9AA,0x8516,0x0}, {0x2F9AB,0x273CA,0x0}, {0x2F9AC,0x8564,0x0}, {0x2F9AD,0x26F2C,0x0}, {0x2F9AE,0x455D,0x0},
    {0x2F9AF,0x4561,0x0}, {0x2F9B0,0x26FB1,0x0}, {0x2F9B1,0x270D2,0x0}, {0x2F9B2,0x456B,0x0}, {0x2F9B3,0x8650,0x0}, {0x2F9B4,0x865C,0x0}, {0x2F9B5,0x8667,0x0}, {0x2F9B6,0x8669,0x0}, {0x2F9B7,0x86A9,
    0x0}, {0x2F9B8,0x8688,0x0}, {0x2F9B9,0x870E,0x0}, {0x2F9BA,0x86E2,0x0}, {0x2F9BB,0x8779,0x0}, {0x2F9BC,0x8728,0x0}, {0x2F9BD,0x876B,0x0}, {0x2F9BE,0x8786,0x0}, {0x2F9BF,0x45D7,0x0}, {0x2F9C0,
    0x87E1,0x0}, {0x2F9C1,0x8801,0x0}, {0x2F9C2,0x45F9,0x0}, {0x2F9C3,0x8860,0x0}, {0x2F9C4,0x8863,0x0}, {0x2F9C5,0x27667,0x0}, {0x2F9C6,0x88D7,0x0}, {0x2F9C7,0x88DE,0x0}, {0x2F9C8,0x4635,0x0},
    {0x2F9C9,0x88FA,0x0}, {0x2F9CA,0x34BB,0x0}, {0x2F9CB,0x278AE,0x0}, {0x2F9CC,0x27966,0x0}, {0x2F9CD,0x46BE,0x0}, {0x2F9CE,0x46C7,0x0}, {0x2F9CF,0x8AA0,0x0}, {0x2F9D0,0x8AED,0x0}, {0x2F9D1,0x8B8A,
    0x0}, {0x2F9D2,0x8C55,0x0}, {0x2F9D3,0x27CA8,0x0}, {0x2F9D4,0x8CAB,0x0}, {0x2F9D5,0x8CC1,0x0}, {0x2F9D6,0x8D1B,0x0}, {0x2F9D7,0x8D77,0x0}, {0x2F9D8,0x27F2F,0x0}, {0x2F9D9,0x20804,0x0}, {0x2F9DA,
    0x8DCB,0x0}, {0x2F9DB,0x8DBC,0x0}, {0x2F9DC,0x8DF0,0x0}, {0x2F9DD,0x208DE,0x0}, {0x2F9DE,0x8ED4,0x0}, {0x2F9DF,0x8F38,0x0}, {0x2F9E0,0x285D2,0x0}, {0x2F9E1,0x285ED,0x0}, {0x2F9E2,0x9094,0x0},
    {0x2F9E3,0x90F1,0x0}, {0x2F9E4,0x9111,0x0}, {0x2F9E5,0x2872E,0x0}, {0x2F9E6,0x911B,0x0}, {0x2F9E7,0x9238,0x0}, {0x2F9E8,0x92D7,0x0}, {0x2F9E9,0x92D8,0x0}, {0x2F9EA,0x927C,0x0}, {0x2F9EB,0x93F9,
    0x0}, {0x2F9EC,0x9415,0x0}, {0x2F9ED,0x28BFA,0x0}, {0x2F9EE,0x958B,0x0}, {0x2F9EF,0x4995,0x0}, {0x2F9F0,0x95B7,0x0}, {0x2F9F1,0x28D77,0x0}, {0x2F9F2,0x49E6,0x0}, {0x2F9F3,0x96C3,0x0}, {0x2F9F4,
    0x5DB2,0x0}, {0x2F9F5,0x9723,0x0}, {0x2F9F6,0x29145,0x0}, {0x2F9F7,0x2921A,0x0}, {0x2F9F8,0x4A6E,0x0}, {0x2F9F9,0x4A76,0x0}, {0x2F9FA,0x97E0,0x0}, {0x2F9FB,0x2940A,0x0}, {0x2F9FC,0x4AB2,0x0},
    {0x2F9FD,0x29496,0x0}, {0x2F9FE,0x980B,0x0}, {0x2F9FF,0x980B,0x0}, {0x2FA00,0x9829,0x0}, {0x2FA01,0x295B6,0x0}, {0x2FA02,0x98E2,0x0}, {0x2FA03,0x4B33,0x0}, {0x2FA04,0x9929,0x0}, {0x2FA05,0x99A7,
    0x0}, {0x2FA06,0x99C2,0x0}, {0x2FA07,0x99FE,0x0}, {0x2FA08,0x4BCE,0x0}, {0x2FA09,0x29B30,0x0}, {0x2FA0A,0x9B12,0x0}, {0x2FA0B,0x9C40,0x0}, {0x2FA0C,0x9CFD,0x0}, {0x2FA0D,0x4CCE,0x0}, {0x2FA0E,
    0x4CED,0x0}, {0x2FA0F,0x9D67,0x0}, {0x2FA10,0x2A0CE,0x0}, {0x2FA11,0x4CF8,0x0}, {0x2FA12,0x2A105,0x0}, {0x2FA13,0x2A20E,0x0}, {0x2FA14,0x2A291,0x0}, {0x2FA15,0x9EBB,0x0}, {0x2FA16,0x4D56,0x0},
    {0x2FA17,0x9EF9,0x0}, {0x2FA18,0x9EFE,0x0}, {0x2FA19,0x9F05,0x0}, {0x2FA1A,0x9F0F,0x0}, {0x2FA1B,0x9F16,0x0}, {0x2FA1C,0x9F3B,0x0}, {0x2FA1D,0x2A600,0x0}, };
static const unsigned int rk_un_canon_n = 2081;
static const unsigned int rk_un_compat[][3] = { {0xA0,0,1}, {0xA8,1,2}, {0xAA,3,1}, {0xAF,4,2}, {0xB2,6,1}, {0xB3,7,1}, {0xB4,8,2}, {0xB5,10,1}, {0xB8,11,2}, {0xB9,13,1}, {0xBA,14,1}, {0xBC,15,3},
    {0xBD,18,3}, {0xBE,21,3}, {0x132,24,2}, {0x133,26,2}, {0x13F,28,2}, {0x140,30,2}, {0x149,32,2}, {0x17F,34,1}, {0x1C4,35,2}, {0x1C5,37,2}, {0x1C6,39,2}, {0x1C7,41,2}, {0x1C8,43,2}, {0x1C9,45,2},
    {0x1CA,47,2}, {0x1CB,49,2}, {0x1CC,51,2}, {0x1F1,53,2}, {0x1F2,55,2}, {0x1F3,57,2}, {0x2B0,59,1}, {0x2B1,60,1}, {0x2B2,61,1}, {0x2B3,62,1}, {0x2B4,63,1}, {0x2B5,64,1}, {0x2B6,65,1}, {0x2B7,66,1},
    {0x2B8,67,1}, {0x2D8,68,2}, {0x2D9,70,2}, {0x2DA,72,2}, {0x2DB,74,2}, {0x2DC,76,2}, {0x2DD,78,2}, {0x2E0,80,1}, {0x2E1,81,1}, {0x2E2,82,1}, {0x2E3,83,1}, {0x2E4,84,1}, {0x37A,85,2}, {0x384,87,2},
    {0x3D0,89,1}, {0x3D1,90,1}, {0x3D2,91,1}, {0x3D5,92,1}, {0x3D6,93,1}, {0x3F0,94,1}, {0x3F1,95,1}, {0x3F2,96,1}, {0x3F4,97,1}, {0x3F5,98,1}, {0x3F9,99,1}, {0x587,100,2}, {0x675,102,2}, {0x676,104,
    2}, {0x677,106,2}, {0x678,108,2}, {0xE33,110,2}, {0xEB3,112,2}, {0xEDC,114,2}, {0xEDD,116,2}, {0xF0C,118,1}, {0xF77,119,2}, {0xF79,121,2}, {0x10FC,123,1}, {0x1D2C,124,1}, {0x1D2D,125,1}, {0x1D2E,
    126,1}, {0x1D30,127,1}, {0x1D31,128,1}, {0x1D32,129,1}, {0x1D33,130,1}, {0x1D34,131,1}, {0x1D35,132,1}, {0x1D36,133,1}, {0x1D37,134,1}, {0x1D38,135,1}, {0x1D39,136,1}, {0x1D3A,137,1}, {0x1D3C,138,
    1}, {0x1D3D,139,1}, {0x1D3E,140,1}, {0x1D3F,141,1}, {0x1D40,142,1}, {0x1D41,143,1}, {0x1D42,144,1}, {0x1D43,145,1}, {0x1D44,146,1}, {0x1D45,147,1}, {0x1D46,148,1}, {0x1D47,149,1}, {0x1D48,150,1},
    {0x1D49,151,1}, {0x1D4A,152,1}, {0x1D4B,153,1}, {0x1D4C,154,1}, {0x1D4D,155,1}, {0x1D4F,156,1}, {0x1D50,157,1}, {0x1D51,158,1}, {0x1D52,159,1}, {0x1D53,160,1}, {0x1D54,161,1}, {0x1D55,162,1},
    {0x1D56,163,1}, {0x1D57,164,1}, {0x1D58,165,1}, {0x1D59,166,1}, {0x1D5A,167,1}, {0x1D5B,168,1}, {0x1D5C,169,1}, {0x1D5D,170,1}, {0x1D5E,171,1}, {0x1D5F,172,1}, {0x1D60,173,1}, {0x1D61,174,1},
    {0x1D62,175,1}, {0x1D63,176,1}, {0x1D64,177,1}, {0x1D65,178,1}, {0x1D66,179,1}, {0x1D67,180,1}, {0x1D68,181,1}, {0x1D69,182,1}, {0x1D6A,183,1}, {0x1D78,184,1}, {0x1D9B,185,1}, {0x1D9C,186,1},
    {0x1D9D,187,1}, {0x1D9E,188,1}, {0x1D9F,189,1}, {0x1DA0,190,1}, {0x1DA1,191,1}, {0x1DA2,192,1}, {0x1DA3,193,1}, {0x1DA4,194,1}, {0x1DA5,195,1}, {0x1DA6,196,1}, {0x1DA7,197,1}, {0x1DA8,198,1},
    {0x1DA9,199,1}, {0x1DAA,200,1}, {0x1DAB,201,1}, {0x1DAC,202,1}, {0x1DAD,203,1}, {0x1DAE,204,1}, {0x1DAF,205,1}, {0x1DB0,206,1}, {0x1DB1,207,1}, {0x1DB2,208,1}, {0x1DB3,209,1}, {0x1DB4,210,1},
    {0x1DB5,211,1}, {0x1DB6,212,1}, {0x1DB7,213,1}, {0x1DB8,214,1}, {0x1DB9,215,1}, {0x1DBA,216,1}, {0x1DBB,217,1}, {0x1DBC,218,1}, {0x1DBD,219,1}, {0x1DBE,220,1}, {0x1DBF,221,1}, {0x1E9A,222,2},
    {0x1FBD,224,2}, {0x1FBF,226,2}, {0x1FC0,228,2}, {0x1FFE,230,2}, {0x2002,232,1}, {0x2003,233,1}, {0x2004,234,1}, {0x2005,235,1}, {0x2006,236,1}, {0x2007,237,1}, {0x2008,238,1}, {0x2009,239,1},
    {0x200A,240,1}, {0x2011,241,1}, {0x2017,242,2}, {0x2024,244,1}, {0x2025,245,2}, {0x2026,247,3}, {0x202F,250,1}, {0x2033,251,2}, {0x2034,253,3}, {0x2036,256,2}, {0x2037,258,3}, {0x203C,261,2},
    {0x203E,263,2}, {0x2047,265,2}, {0x2048,267,2}, {0x2049,269,2}, {0x2057,271,4}, {0x205F,275,1}, {0x2070,276,1}, {0x2071,277,1}, {0x2074,278,1}, {0x2075,279,1}, {0x2076,280,1}, {0x2077,281,1},
    {0x2078,282,1}, {0x2079,283,1}, {0x207A,284,1}, {0x207B,285,1}, {0x207C,286,1}, {0x207D,287,1}, {0x207E,288,1}, {0x207F,289,1}, {0x2080,290,1}, {0x2081,291,1}, {0x2082,292,1}, {0x2083,293,1},
    {0x2084,294,1}, {0x2085,295,1}, {0x2086,296,1}, {0x2087,297,1}, {0x2088,298,1}, {0x2089,299,1}, {0x208A,300,1}, {0x208B,301,1}, {0x208C,302,1}, {0x208D,303,1}, {0x208E,304,1}, {0x2090,305,1},
    {0x2091,306,1}, {0x2092,307,1}, {0x2093,308,1}, {0x2094,309,1}, {0x2095,310,1}, {0x2096,311,1}, {0x2097,312,1}, {0x2098,313,1}, {0x2099,314,1}, {0x209A,315,1}, {0x209B,316,1}, {0x209C,317,1},
    {0x20A8,318,2}, {0x2100,320,3}, {0x2101,323,3}, {0x2102,326,1}, {0x2103,327,2}, {0x2105,329,3}, {0x2106,332,3}, {0x2107,335,1}, {0x2109,336,2}, {0x210A,338,1}, {0x210B,339,1}, {0x210C,340,1},
    {0x210D,341,1}, {0x210E,342,1}, {0x210F,343,1}, {0x2110,344,1}, {0x2111,345,1}, {0x2112,346,1}, {0x2113,347,1}, {0x2115,348,1}, {0x2116,349,2}, {0x2119,351,1}, {0x211A,352,1}, {0x211B,353,1},
    {0x211C,354,1}, {0x211D,355,1}, {0x2120,356,2}, {0x2121,358,3}, {0x2122,361,2}, {0x2124,363,1}, {0x2128,364,1}, {0x212C,365,1}, {0x212D,366,1}, {0x212F,367,1}, {0x2130,368,1}, {0x2131,369,1},
    {0x2133,370,1}, {0x2134,371,1}, {0x2135,372,1}, {0x2136,373,1}, {0x2137,374,1}, {0x2138,375,1}, {0x2139,376,1}, {0x213B,377,3}, {0x213C,380,1}, {0x213D,381,1}, {0x213E,382,1}, {0x213F,383,1},
    {0x2140,384,1}, {0x2145,385,1}, {0x2146,386,1}, {0x2147,387,1}, {0x2148,388,1}, {0x2149,389,1}, {0x2150,390,3}, {0x2151,393,3}, {0x2152,396,4}, {0x2153,400,3}, {0x2154,403,3}, {0x2155,406,3},
    {0x2156,409,3}, {0x2157,412,3}, {0x2158,415,3}, {0x2159,418,3}, {0x215A,421,3}, {0x215B,424,3}, {0x215C,427,3}, {0x215D,430,3}, {0x215E,433,3}, {0x215F,436,2}, {0x2160,438,1}, {0x2161,439,2},
    {0x2162,441,3}, {0x2163,444,2}, {0x2164,446,1}, {0x2165,447,2}, {0x2166,449,3}, {0x2167,452,4}, {0x2168,456,2}, {0x2169,458,1}, {0x216A,459,2}, {0x216B,461,3}, {0x216C,464,1}, {0x216D,465,1},
    {0x216E,466,1}, {0x216F,467,1}, {0x2170,468,1}, {0x2171,469,2}, {0x2172,471,3}, {0x2173,474,2}, {0x2174,476,1}, {0x2175,477,2}, {0x2176,479,3}, {0x2177,482,4}, {0x2178,486,2}, {0x2179,488,1},
    {0x217A,489,2}, {0x217B,491,3}, {0x217C,494,1}, {0x217D,495,1}, {0x217E,496,1}, {0x217F,497,1}, {0x2189,498,3}, {0x222C,501,2}, {0x222D,503,3}, {0x222F,506,2}, {0x2230,508,3}, {0x2460,511,1},
    {0x2461,512,1}, {0x2462,513,1}, {0x2463,514,1}, {0x2464,515,1}, {0x2465,516,1}, {0x2466,517,1}, {0x2467,518,1}, {0x2468,519,1}, {0x2469,520,2}, {0x246A,522,2}, {0x246B,524,2}, {0x246C,526,2},
    {0x246D,528,2}, {0x246E,530,2}, {0x246F,532,2}, {0x2470,534,2}, {0x2471,536,2}, {0x2472,538,2}, {0x2473,540,2}, {0x2474,542,3}, {0x2475,545,3}, {0x2476,548,3}, {0x2477,551,3}, {0x2478,554,3},
    {0x2479,557,3}, {0x247A,560,3}, {0x247B,563,3}, {0x247C,566,3}, {0x247D,569,4}, {0x247E,573,4}, {0x247F,577,4}, {0x2480,581,4}, {0x2481,585,4}, {0x2482,589,4}, {0x2483,593,4}, {0x2484,597,4},
    {0x2485,601,4}, {0x2486,605,4}, {0x2487,609,4}, {0x2488,613,2}, {0x2489,615,2}, {0x248A,617,2}, {0x248B,619,2}, {0x248C,621,2}, {0x248D,623,2}, {0x248E,625,2}, {0x248F,627,2}, {0x2490,629,2},
    {0x2491,631,3}, {0x2492,634,3}, {0x2493,637,3}, {0x2494,640,3}, {0x2495,643,3}, {0x2496,646,3}, {0x2497,649,3}, {0x2498,652,3}, {0x2499,655,3}, {0x249A,658,3}, {0x249B,661,3}, {0x249C,664,3},
    {0x249D,667,3}, {0x249E,670,3}, {0x249F,673,3}, {0x24A0,676,3}, {0x24A1,679,3}, {0x24A2,682,3}, {0x24A3,685,3}, {0x24A4,688,3}, {0x24A5,691,3}, {0x24A6,694,3}, {0x24A7,697,3}, {0x24A8,700,3},
    {0x24A9,703,3}, {0x24AA,706,3}, {0x24AB,709,3}, {0x24AC,712,3}, {0x24AD,715,3}, {0x24AE,718,3}, {0x24AF,721,3}, {0x24B0,724,3}, {0x24B1,727,3}, {0x24B2,730,3}, {0x24B3,733,3}, {0x24B4,736,3},
    {0x24B5,739,3}, {0x24B6,742,1}, {0x24B7,743,1}, {0x24B8,744,1}, {0x24B9,745,1}, {0x24BA,746,1}, {0x24BB,747,1}, {0x24BC,748,1}, {0x24BD,749,1}, {0x24BE,750,1}, {0x24BF,751,1}, {0x24C0,752,1},
    {0x24C1,753,1}, {0x24C2,754,1}, {0x24C3,755,1}, {0x24C4,756,1}, {0x24C5,757,1}, {0x24C6,758,1}, {0x24C7,759,1}, {0x24C8,760,1}, {0x24C9,761,1}, {0x24CA,762,1}, {0x24CB,763,1}, {0x24CC,764,1},
    {0x24CD,765,1}, {0x24CE,766,1}, {0x24CF,767,1}, {0x24D0,768,1}, {0x24D1,769,1}, {0x24D2,770,1}, {0x24D3,771,1}, {0x24D4,772,1}, {0x24D5,773,1}, {0x24D6,774,1}, {0x24D7,775,1}, {0x24D8,776,1},
    {0x24D9,777,1}, {0x24DA,778,1}, {0x24DB,779,1}, {0x24DC,780,1}, {0x24DD,781,1}, {0x24DE,782,1}, {0x24DF,783,1}, {0x24E0,784,1}, {0x24E1,785,1}, {0x24E2,786,1}, {0x24E3,787,1}, {0x24E4,788,1},
    {0x24E5,789,1}, {0x24E6,790,1}, {0x24E7,791,1}, {0x24E8,792,1}, {0x24E9,793,1}, {0x24EA,794,1}, {0x2A0C,795,4}, {0x2A74,799,3}, {0x2A75,802,2}, {0x2A76,804,3}, {0x2C7C,807,1}, {0x2C7D,808,1},
    {0x2D6F,809,1}, {0x2E9F,810,1}, {0x2EF3,811,1}, {0x2F00,812,1}, {0x2F01,813,1}, {0x2F02,814,1}, {0x2F03,815,1}, {0x2F04,816,1}, {0x2F05,817,1}, {0x2F06,818,1}, {0x2F07,819,1}, {0x2F08,820,1},
    {0x2F09,821,1}, {0x2F0A,822,1}, {0x2F0B,823,1}, {0x2F0C,824,1}, {0x2F0D,825,1}, {0x2F0E,826,1}, {0x2F0F,827,1}, {0x2F10,828,1}, {0x2F11,829,1}, {0x2F12,830,1}, {0x2F13,831,1}, {0x2F14,832,1},
    {0x2F15,833,1}, {0x2F16,834,1}, {0x2F17,835,1}, {0x2F18,836,1}, {0x2F19,837,1}, {0x2F1A,838,1}, {0x2F1B,839,1}, {0x2F1C,840,1}, {0x2F1D,841,1}, {0x2F1E,842,1}, {0x2F1F,843,1}, {0x2F20,844,1},
    {0x2F21,845,1}, {0x2F22,846,1}, {0x2F23,847,1}, {0x2F24,848,1}, {0x2F25,849,1}, {0x2F26,850,1}, {0x2F27,851,1}, {0x2F28,852,1}, {0x2F29,853,1}, {0x2F2A,854,1}, {0x2F2B,855,1}, {0x2F2C,856,1},
    {0x2F2D,857,1}, {0x2F2E,858,1}, {0x2F2F,859,1}, {0x2F30,860,1}, {0x2F31,861,1}, {0x2F32,862,1}, {0x2F33,863,1}, {0x2F34,864,1}, {0x2F35,865,1}, {0x2F36,866,1}, {0x2F37,867,1}, {0x2F38,868,1},
    {0x2F39,869,1}, {0x2F3A,870,1}, {0x2F3B,871,1}, {0x2F3C,872,1}, {0x2F3D,873,1}, {0x2F3E,874,1}, {0x2F3F,875,1}, {0x2F40,876,1}, {0x2F41,877,1}, {0x2F42,878,1}, {0x2F43,879,1}, {0x2F44,880,1},
    {0x2F45,881,1}, {0x2F46,882,1}, {0x2F47,883,1}, {0x2F48,884,1}, {0x2F49,885,1}, {0x2F4A,886,1}, {0x2F4B,887,1}, {0x2F4C,888,1}, {0x2F4D,889,1}, {0x2F4E,890,1}, {0x2F4F,891,1}, {0x2F50,892,1},
    {0x2F51,893,1}, {0x2F52,894,1}, {0x2F53,895,1}, {0x2F54,896,1}, {0x2F55,897,1}, {0x2F56,898,1}, {0x2F57,899,1}, {0x2F58,900,1}, {0x2F59,901,1}, {0x2F5A,902,1}, {0x2F5B,903,1}, {0x2F5C,904,1},
    {0x2F5D,905,1}, {0x2F5E,906,1}, {0x2F5F,907,1}, {0x2F60,908,1}, {0x2F61,909,1}, {0x2F62,910,1}, {0x2F63,911,1}, {0x2F64,912,1}, {0x2F65,913,1}, {0x2F66,914,1}, {0x2F67,915,1}, {0x2F68,916,1},
    {0x2F69,917,1}, {0x2F6A,918,1}, {0x2F6B,919,1}, {0x2F6C,920,1}, {0x2F6D,921,1}, {0x2F6E,922,1}, {0x2F6F,923,1}, {0x2F70,924,1}, {0x2F71,925,1}, {0x2F72,926,1}, {0x2F73,927,1}, {0x2F74,928,1},
    {0x2F75,929,1}, {0x2F76,930,1}, {0x2F77,931,1}, {0x2F78,932,1}, {0x2F79,933,1}, {0x2F7A,934,1}, {0x2F7B,935,1}, {0x2F7C,936,1}, {0x2F7D,937,1}, {0x2F7E,938,1}, {0x2F7F,939,1}, {0x2F80,940,1},
    {0x2F81,941,1}, {0x2F82,942,1}, {0x2F83,943,1}, {0x2F84,944,1}, {0x2F85,945,1}, {0x2F86,946,1}, {0x2F87,947,1}, {0x2F88,948,1}, {0x2F89,949,1}, {0x2F8A,950,1}, {0x2F8B,951,1}, {0x2F8C,952,1},
    {0x2F8D,953,1}, {0x2F8E,954,1}, {0x2F8F,955,1}, {0x2F90,956,1}, {0x2F91,957,1}, {0x2F92,958,1}, {0x2F93,959,1}, {0x2F94,960,1}, {0x2F95,961,1}, {0x2F96,962,1}, {0x2F97,963,1}, {0x2F98,964,1},
    {0x2F99,965,1}, {0x2F9A,966,1}, {0x2F9B,967,1}, {0x2F9C,968,1}, {0x2F9D,969,1}, {0x2F9E,970,1}, {0x2F9F,971,1}, {0x2FA0,972,1}, {0x2FA1,973,1}, {0x2FA2,974,1}, {0x2FA3,975,1}, {0x2FA4,976,1},
    {0x2FA5,977,1}, {0x2FA6,978,1}, {0x2FA7,979,1}, {0x2FA8,980,1}, {0x2FA9,981,1}, {0x2FAA,982,1}, {0x2FAB,983,1}, {0x2FAC,984,1}, {0x2FAD,985,1}, {0x2FAE,986,1}, {0x2FAF,987,1}, {0x2FB0,988,1},
    {0x2FB1,989,1}, {0x2FB2,990,1}, {0x2FB3,991,1}, {0x2FB4,992,1}, {0x2FB5,993,1}, {0x2FB6,994,1}, {0x2FB7,995,1}, {0x2FB8,996,1}, {0x2FB9,997,1}, {0x2FBA,998,1}, {0x2FBB,999,1}, {0x2FBC,1000,1},
    {0x2FBD,1001,1}, {0x2FBE,1002,1}, {0x2FBF,1003,1}, {0x2FC0,1004,1}, {0x2FC1,1005,1}, {0x2FC2,1006,1}, {0x2FC3,1007,1}, {0x2FC4,1008,1}, {0x2FC5,1009,1}, {0x2FC6,1010,1}, {0x2FC7,1011,1}, {0x2FC8,
    1012,1}, {0x2FC9,1013,1}, {0x2FCA,1014,1}, {0x2FCB,1015,1}, {0x2FCC,1016,1}, {0x2FCD,1017,1}, {0x2FCE,1018,1}, {0x2FCF,1019,1}, {0x2FD0,1020,1}, {0x2FD1,1021,1}, {0x2FD2,1022,1}, {0x2FD3,1023,1},
    {0x2FD4,1024,1}, {0x2FD5,1025,1}, {0x3000,1026,1}, {0x3036,1027,1}, {0x3038,1028,1}, {0x3039,1029,1}, {0x303A,1030,1}, {0x309B,1031,2}, {0x309C,1033,2}, {0x309F,1035,2}, {0x30FF,1037,2}, {0x3131,
    1039,1}, {0x3132,1040,1}, {0x3133,1041,1}, {0x3134,1042,1}, {0x3135,1043,1}, {0x3136,1044,1}, {0x3137,1045,1}, {0x3138,1046,1}, {0x3139,1047,1}, {0x313A,1048,1}, {0x313B,1049,1}, {0x313C,1050,1},
    {0x313D,1051,1}, {0x313E,1052,1}, {0x313F,1053,1}, {0x3140,1054,1}, {0x3141,1055,1}, {0x3142,1056,1}, {0x3143,1057,1}, {0x3144,1058,1}, {0x3145,1059,1}, {0x3146,1060,1}, {0x3147,1061,1}, {0x3148,
    1062,1}, {0x3149,1063,1}, {0x314A,1064,1}, {0x314B,1065,1}, {0x314C,1066,1}, {0x314D,1067,1}, {0x314E,1068,1}, {0x314F,1069,1}, {0x3150,1070,1}, {0x3151,1071,1}, {0x3152,1072,1}, {0x3153,1073,1},
    {0x3154,1074,1}, {0x3155,1075,1}, {0x3156,1076,1}, {0x3157,1077,1}, {0x3158,1078,1}, {0x3159,1079,1}, {0x315A,1080,1}, {0x315B,1081,1}, {0x315C,1082,1}, {0x315D,1083,1}, {0x315E,1084,1}, {0x315F,
    1085,1}, {0x3160,1086,1}, {0x3161,1087,1}, {0x3162,1088,1}, {0x3163,1089,1}, {0x3164,1090,1}, {0x3165,1091,1}, {0x3166,1092,1}, {0x3167,1093,1}, {0x3168,1094,1}, {0x3169,1095,1}, {0x316A,1096,1},
    {0x316B,1097,1}, {0x316C,1098,1}, {0x316D,1099,1}, {0x316E,1100,1}, {0x316F,1101,1}, {0x3170,1102,1}, {0x3171,1103,1}, {0x3172,1104,1}, {0x3173,1105,1}, {0x3174,1106,1}, {0x3175,1107,1}, {0x3176,
    1108,1}, {0x3177,1109,1}, {0x3178,1110,1}, {0x3179,1111,1}, {0x317A,1112,1}, {0x317B,1113,1}, {0x317C,1114,1}, {0x317D,1115,1}, {0x317E,1116,1}, {0x317F,1117,1}, {0x3180,1118,1}, {0x3181,1119,1},
    {0x3182,1120,1}, {0x3183,1121,1}, {0x3184,1122,1}, {0x3185,1123,1}, {0x3186,1124,1}, {0x3187,1125,1}, {0x3188,1126,1}, {0x3189,1127,1}, {0x318A,1128,1}, {0x318B,1129,1}, {0x318C,1130,1}, {0x318D,
    1131,1}, {0x318E,1132,1}, {0x3192,1133,1}, {0x3193,1134,1}, {0x3194,1135,1}, {0x3195,1136,1}, {0x3196,1137,1}, {0x3197,1138,1}, {0x3198,1139,1}, {0x3199,1140,1}, {0x319A,1141,1}, {0x319B,1142,1},
    {0x319C,1143,1}, {0x319D,1144,1}, {0x319E,1145,1}, {0x319F,1146,1}, {0x3200,1147,3}, {0x3201,1150,3}, {0x3202,1153,3}, {0x3203,1156,3}, {0x3204,1159,3}, {0x3205,1162,3}, {0x3206,1165,3}, {0x3207,
    1168,3}, {0x3208,1171,3}, {0x3209,1174,3}, {0x320A,1177,3}, {0x320B,1180,3}, {0x320C,1183,3}, {0x320D,1186,3}, {0x320E,1189,4}, {0x320F,1193,4}, {0x3210,1197,4}, {0x3211,1201,4}, {0x3212,1205,4},
    {0x3213,1209,4}, {0x3214,1213,4}, {0x3215,1217,4}, {0x3216,1221,4}, {0x3217,1225,4}, {0x3218,1229,4}, {0x3219,1233,4}, {0x321A,1237,4}, {0x321B,1241,4}, {0x321C,1245,4}, {0x321D,1249,7}, {0x321E,
    1256,6}, {0x3220,1262,3}, {0x3221,1265,3}, {0x3222,1268,3}, {0x3223,1271,3}, {0x3224,1274,3}, {0x3225,1277,3}, {0x3226,1280,3}, {0x3227,1283,3}, {0x3228,1286,3}, {0x3229,1289,3}, {0x322A,1292,3},
    {0x322B,1295,3}, {0x322C,1298,3}, {0x322D,1301,3}, {0x322E,1304,3}, {0x322F,1307,3}, {0x3230,1310,3}, {0x3231,1313,3}, {0x3232,1316,3}, {0x3233,1319,3}, {0x3234,1322,3}, {0x3235,1325,3}, {0x3236,
    1328,3}, {0x3237,1331,3}, {0x3238,1334,3}, {0x3239,1337,3}, {0x323A,1340,3}, {0x323B,1343,3}, {0x323C,1346,3}, {0x323D,1349,3}, {0x323E,1352,3}, {0x323F,1355,3}, {0x3240,1358,3}, {0x3241,1361,3},
    {0x3242,1364,3}, {0x3243,1367,3}, {0x3244,1370,1}, {0x3245,1371,1}, {0x3246,1372,1}, {0x3247,1373,1}, {0x3250,1374,3}, {0x3251,1377,2}, {0x3252,1379,2}, {0x3253,1381,2}, {0x3254,1383,2}, {0x3255,
    1385,2}, {0x3256,1387,2}, {0x3257,1389,2}, {0x3258,1391,2}, {0x3259,1393,2}, {0x325A,1395,2}, {0x325B,1397,2}, {0x325C,1399,2}, {0x325D,1401,2}, {0x325E,1403,2}, {0x325F,1405,2}, {0x3260,1407,1},
    {0x3261,1408,1}, {0x3262,1409,1}, {0x3263,1410,1}, {0x3264,1411,1}, {0x3265,1412,1}, {0x3266,1413,1}, {0x3267,1414,1}, {0x3268,1415,1}, {0x3269,1416,1}, {0x326A,1417,1}, {0x326B,1418,1}, {0x326C,
    1419,1}, {0x326D,1420,1}, {0x326E,1421,2}, {0x326F,1423,2}, {0x3270,1425,2}, {0x3271,1427,2}, {0x3272,1429,2}, {0x3273,1431,2}, {0x3274,1433,2}, {0x3275,1435,2}, {0x3276,1437,2}, {0x3277,1439,2},
    {0x3278,1441,2}, {0x3279,1443,2}, {0x327A,1445,2}, {0x327B,1447,2}, {0x327C,1449,5}, {0x327D,1454,4}, {0x327E,1458,2}, {0x3280,1460,1}, {0x3281,1461,1}, {0x3282,1462,1}, {0x3283,1463,1}, {0x3284,
    1464,1}, {0x3285,1465,1}, {0x3286,1466,1}, {0x3287,1467,1}, {0x3288,1468,1}, {0x3289,1469,1}, {0x328A,1470,1}, {0x328B,1471,1}, {0x328C,1472,1}, {0x328D,1473,1}, {0x328E,1474,1}, {0x328F,1475,1},
    {0x3290,1476,1}, {0x3291,1477,1}, {0x3292,1478,1}, {0x3293,1479,1}, {0x3294,1480,1}, {0x3295,1481,1}, {0x3296,1482,1}, {0x3297,1483,1}, {0x3298,1484,1}, {0x3299,1485,1}, {0x329A,1486,1}, {0x329B,
    1487,1}, {0x329C,1488,1}, {0x329D,1489,1}, {0x329E,1490,1}, {0x329F,1491,1}, {0x32A0,1492,1}, {0x32A1,1493,1}, {0x32A2,1494,1}, {0x32A3,1495,1}, {0x32A4,1496,1}, {0x32A5,1497,1}, {0x32A6,1498,1},
    {0x32A7,1499,1}, {0x32A8,1500,1}, {0x32A9,1501,1}, {0x32AA,1502,1}, {0x32AB,1503,1}, {0x32AC,1504,1}, {0x32AD,1505,1}, {0x32AE,1506,1}, {0x32AF,1507,1}, {0x32B0,1508,1}, {0x32B1,1509,2}, {0x32B2,
    1511,2}, {0x32B3,1513,2}, {0x32B4,1515,2}, {0x32B5,1517,2}, {0x32B6,1519,2}, {0x32B7,1521,2}, {0x32B8,1523,2}, {0x32B9,1525,2}, {0x32BA,1527,2}, {0x32BB,1529,2}, {0x32BC,1531,2}, {0x32BD,1533,2},
    {0x32BE,1535,2}, {0x32BF,1537,2}, {0x32C0,1539,2}, {0x32C1,1541,2}, {0x32C2,1543,2}, {0x32C3,1545,2}, {0x32C4,1547,2}, {0x32C5,1549,2}, {0x32C6,1551,2}, {0x32C7,1553,2}, {0x32C8,1555,2}, {0x32C9,
    1557,3}, {0x32CA,1560,3}, {0x32CB,1563,3}, {0x32CC,1566,2}, {0x32CD,1568,3}, {0x32CE,1571,2}, {0x32CF,1573,3}, {0x32D0,1576,1}, {0x32D1,1577,1}, {0x32D2,1578,1}, {0x32D3,1579,1}, {0x32D4,1580,1},
    {0x32D5,1581,1}, {0x32D6,1582,1}, {0x32D7,1583,1}, {0x32D8,1584,1}, {0x32D9,1585,1}, {0x32DA,1586,1}, {0x32DB,1587,1}, {0x32DC,1588,1}, {0x32DD,1589,1}, {0x32DE,1590,1}, {0x32DF,1591,1}, {0x32E0,
    1592,1}, {0x32E1,1593,1}, {0x32E2,1594,1}, {0x32E3,1595,1}, {0x32E4,1596,1}, {0x32E5,1597,1}, {0x32E6,1598,1}, {0x32E7,1599,1}, {0x32E8,1600,1}, {0x32E9,1601,1}, {0x32EA,1602,1}, {0x32EB,1603,1},
    {0x32EC,1604,1}, {0x32ED,1605,1}, {0x32EE,1606,1}, {0x32EF,1607,1}, {0x32F0,1608,1}, {0x32F1,1609,1}, {0x32F2,1610,1}, {0x32F3,1611,1}, {0x32F4,1612,1}, {0x32F5,1613,1}, {0x32F6,1614,1}, {0x32F7,
    1615,1}, {0x32F8,1616,1}, {0x32F9,1617,1}, {0x32FA,1618,1}, {0x32FB,1619,1}, {0x32FC,1620,1}, {0x32FD,1621,1}, {0x32FE,1622,1}, {0x32FF,1623,2}, {0x3300,1625,4}, {0x3301,1629,4}, {0x3302,1633,4},
    {0x3303,1637,3}, {0x3304,1640,4}, {0x3305,1644,3}, {0x3306,1647,3}, {0x3307,1650,5}, {0x3308,1655,4}, {0x3309,1659,3}, {0x330A,1662,3}, {0x330B,1665,3}, {0x330C,1668,4}, {0x330D,1672,4}, {0x330E,
    1676,3}, {0x330F,1679,3}, {0x3310,1682,2}, {0x3311,1684,3}, {0x3312,1687,4}, {0x3313,1691,4}, {0x3314,1695,2}, {0x3315,1697,5}, {0x3316,1702,6}, {0x3317,1708,5}, {0x3318,1713,3}, {0x3319,1716,5},
    {0x331A,1721,5}, {0x331B,1726,4}, {0x331C,1730,3}, {0x331D,1733,3}, {0x331E,1736,3}, {0x331F,1739,4}, {0x3320,1743,5}, {0x3321,1748,4}, {0x3322,1752,3}, {0x3323,1755,3}, {0x3324,1758,3}, {0x3325,
    1761,2}, {0x3326,1763,2}, {0x3327,1765,2}, {0x3328,1767,2}, {0x3329,1769,3}, {0x332A,1772,3}, {0x332B,1775,5}, {0x332C,1780,3}, {0x332D,1783,4}, {0x332E,1787,5}, {0x332F,1792,3}, {0x3330,1795,2},
    {0x3331,1797,2}, {0x3332,1799,5}, {0x3333,1804,4}, {0x3334,1808,5}, {0x3335,1813,3}, {0x3336,1816,5}, {0x3337,1821,2}, {0x3338,1823,3}, {0x3339,1826,3}, {0x333A,1829,3}, {0x333B,1832,3}, {0x333C,
    1835,3}, {0x333D,1838,4}, {0x333E,1842,3}, {0x333F,1845,2}, {0x3340,1847,3}, {0x3341,1850,3}, {0x3342,1853,3}, {0x3343,1856,4}, {0x3344,1860,3}, {0x3345,1863,3}, {0x3346,1866,3}, {0x3347,1869,5},
    {0x3348,1874,4}, {0x3349,1878,2}, {0x334A,1880,5}, {0x334B,1885,2}, {0x334C,1887,4}, {0x334D,1891,4}, {0x334E,1895,3}, {0x334F,1898,3}, {0x3350,1901,3}, {0x3351,1904,4}, {0x3352,1908,2}, {0x3353,
    1910,3}, {0x3354,1913,4}, {0x3355,1917,2}, {0x3356,1919,5}, {0x3357,1924,3}, {0x3358,1927,2}, {0x3359,1929,2}, {0x335A,1931,2}, {0x335B,1933,2}, {0x335C,1935,2}, {0x335D,1937,2}, {0x335E,1939,2},
    {0x335F,1941,2}, {0x3360,1943,2}, {0x3361,1945,2}, {0x3362,1947,3}, {0x3363,1950,3}, {0x3364,1953,3}, {0x3365,1956,3}, {0x3366,1959,3}, {0x3367,1962,3}, {0x3368,1965,3}, {0x3369,1968,3}, {0x336A,
    1971,3}, {0x336B,1974,3}, {0x336C,1977,3}, {0x336D,1980,3}, {0x336E,1983,3}, {0x336F,1986,3}, {0x3370,1989,3}, {0x3371,1992,3}, {0x3372,1995,2}, {0x3373,1997,2}, {0x3374,1999,3}, {0x3375,2002,2},
    {0x3376,2004,2}, {0x3377,2006,2}, {0x3378,2008,3}, {0x3379,2011,3}, {0x337A,2014,2}, {0x337B,2016,2}, {0x337C,2018,2}, {0x337D,2020,2}, {0x337E,2022,2}, {0x337F,2024,4}, {0x3380,2028,2}, {0x3381,
    2030,2}, {0x3382,2032,2}, {0x3383,2034,2}, {0x3384,2036,2}, {0x3385,2038,2}, {0x3386,2040,2}, {0x3387,2042,2}, {0x3388,2044,3}, {0x3389,2047,4}, {0x338A,2051,2}, {0x338B,2053,2}, {0x338C,2055,2},
    {0x338D,2057,2}, {0x338E,2059,2}, {0x338F,2061,2}, {0x3390,2063,2}, {0x3391,2065,3}, {0x3392,2068,3}, {0x3393,2071,3}, {0x3394,2074,3}, {0x3395,2077,2}, {0x3396,2079,2}, {0x3397,2081,2}, {0x3398,
    2083,2}, {0x3399,2085,2}, {0x339A,2087,2}, {0x339B,2089,2}, {0x339C,2091,2}, {0x339D,2093,2}, {0x339E,2095,2}, {0x339F,2097,3}, {0x33A0,2100,3}, {0x33A1,2103,2}, {0x33A2,2105,3}, {0x33A3,2108,3},
    {0x33A4,2111,3}, {0x33A5,2114,2}, {0x33A6,2116,3}, {0x33A7,2119,3}, {0x33A8,2122,4}, {0x33A9,2126,2}, {0x33AA,2128,3}, {0x33AB,2131,3}, {0x33AC,2134,3}, {0x33AD,2137,3}, {0x33AE,2140,5}, {0x33AF,
    2145,6}, {0x33B0,2151,2}, {0x33B1,2153,2}, {0x33B2,2155,2}, {0x33B3,2157,2}, {0x33B4,2159,2}, {0x33B5,2161,2}, {0x33B6,2163,2}, {0x33B7,2165,2}, {0x33B8,2167,2}, {0x33B9,2169,2}, {0x33BA,2171,2},
    {0x33BB,2173,2}, {0x33BC,2175,2}, {0x33BD,2177,2}, {0x33BE,2179,2}, {0x33BF,2181,2}, {0x33C0,2183,2}, {0x33C1,2185,2}, {0x33C2,2187,4}, {0x33C3,2191,2}, {0x33C4,2193,2}, {0x33C5,2195,2}, {0x33C6,
    2197,4}, {0x33C7,2201,3}, {0x33C8,2204,2}, {0x33C9,2206,2}, {0x33CA,2208,2}, {0x33CB,2210,2}, {0x33CC,2212,2}, {0x33CD,2214,2}, {0x33CE,2216,2}, {0x33CF,2218,2}, {0x33D0,2220,2}, {0x33D1,2222,2},
    {0x33D2,2224,3}, {0x33D3,2227,2}, {0x33D4,2229,2}, {0x33D5,2231,3}, {0x33D6,2234,3}, {0x33D7,2237,2}, {0x33D8,2239,4}, {0x33D9,2243,3}, {0x33DA,2246,2}, {0x33DB,2248,2}, {0x33DC,2250,2}, {0x33DD,
    2252,2}, {0x33DE,2254,3}, {0x33DF,2257,3}, {0x33E0,2260,2}, {0x33E1,2262,2}, {0x33E2,2264,2}, {0x33E3,2266,2}, {0x33E4,2268,2}, {0x33E5,2270,2}, {0x33E6,2272,2}, {0x33E7,2274,2}, {0x33E8,2276,2},
    {0x33E9,2278,3}, {0x33EA,2281,3}, {0x33EB,2284,3}, {0x33EC,2287,3}, {0x33ED,2290,3}, {0x33EE,2293,3}, {0x33EF,2296,3}, {0x33F0,2299,3}, {0x33F1,2302,3}, {0x33F2,2305,3}, {0x33F3,2308,3}, {0x33F4,
    2311,3}, {0x33F5,2314,3}, {0x33F6,2317,3}, {0x33F7,2320,3}, {0x33F8,2323,3}, {0x33F9,2326,3}, {0x33FA,2329,3}, {0x33FB,2332,3}, {0x33FC,2335,3}, {0x33FD,2338,3}, {0x33FE,2341,3}, {0x33FF,2344,3},
    {0xA69C,2347,1}, {0xA69D,2348,1}, {0xA770,2349,1}, {0xA7F1,2350,1}, {0xA7F2,2351,1}, {0xA7F3,2352,1}, {0xA7F4,2353,1}, {0xA7F8,2354,1}, {0xA7F9,2355,1}, {0xAB5C,2356,1}, {0xAB5D,2357,1}, {0xAB5E,
    2358,1}, {0xAB5F,2359,1}, {0xAB69,2360,1}, {0xFB00,2361,2}, {0xFB01,2363,2}, {0xFB02,2365,2}, {0xFB03,2367,3}, {0xFB04,2370,3}, {0xFB05,2373,2}, {0xFB06,2375,2}, {0xFB13,2377,2}, {0xFB14,2379,2},
    {0xFB15,2381,2}, {0xFB16,2383,2}, {0xFB17,2385,2}, {0xFB20,2387,1}, {0xFB21,2388,1}, {0xFB22,2389,1}, {0xFB23,2390,1}, {0xFB24,2391,1}, {0xFB25,2392,1}, {0xFB26,2393,1}, {0xFB27,2394,1}, {0xFB28,
    2395,1}, {0xFB29,2396,1}, {0xFB4F,2397,2}, {0xFB50,2399,1}, {0xFB51,2400,1}, {0xFB52,2401,1}, {0xFB53,2402,1}, {0xFB54,2403,1}, {0xFB55,2404,1}, {0xFB56,2405,1}, {0xFB57,2406,1}, {0xFB58,2407,1},
    {0xFB59,2408,1}, {0xFB5A,2409,1}, {0xFB5B,2410,1}, {0xFB5C,2411,1}, {0xFB5D,2412,1}, {0xFB5E,2413,1}, {0xFB5F,2414,1}, {0xFB60,2415,1}, {0xFB61,2416,1}, {0xFB62,2417,1}, {0xFB63,2418,1}, {0xFB64,
    2419,1}, {0xFB65,2420,1}, {0xFB66,2421,1}, {0xFB67,2422,1}, {0xFB68,2423,1}, {0xFB69,2424,1}, {0xFB6A,2425,1}, {0xFB6B,2426,1}, {0xFB6C,2427,1}, {0xFB6D,2428,1}, {0xFB6E,2429,1}, {0xFB6F,2430,1},
    {0xFB70,2431,1}, {0xFB71,2432,1}, {0xFB72,2433,1}, {0xFB73,2434,1}, {0xFB74,2435,1}, {0xFB75,2436,1}, {0xFB76,2437,1}, {0xFB77,2438,1}, {0xFB78,2439,1}, {0xFB79,2440,1}, {0xFB7A,2441,1}, {0xFB7B,
    2442,1}, {0xFB7C,2443,1}, {0xFB7D,2444,1}, {0xFB7E,2445,1}, {0xFB7F,2446,1}, {0xFB80,2447,1}, {0xFB81,2448,1}, {0xFB82,2449,1}, {0xFB83,2450,1}, {0xFB84,2451,1}, {0xFB85,2452,1}, {0xFB86,2453,1},
    {0xFB87,2454,1}, {0xFB88,2455,1}, {0xFB89,2456,1}, {0xFB8A,2457,1}, {0xFB8B,2458,1}, {0xFB8C,2459,1}, {0xFB8D,2460,1}, {0xFB8E,2461,1}, {0xFB8F,2462,1}, {0xFB90,2463,1}, {0xFB91,2464,1}, {0xFB92,
    2465,1}, {0xFB93,2466,1}, {0xFB94,2467,1}, {0xFB95,2468,1}, {0xFB96,2469,1}, {0xFB97,2470,1}, {0xFB98,2471,1}, {0xFB99,2472,1}, {0xFB9A,2473,1}, {0xFB9B,2474,1}, {0xFB9C,2475,1}, {0xFB9D,2476,1},
    {0xFB9E,2477,1}, {0xFB9F,2478,1}, {0xFBA0,2479,1}, {0xFBA1,2480,1}, {0xFBA2,2481,1}, {0xFBA3,2482,1}, {0xFBA4,2483,1}, {0xFBA5,2484,1}, {0xFBA6,2485,1}, {0xFBA7,2486,1}, {0xFBA8,2487,1}, {0xFBA9,
    2488,1}, {0xFBAA,2489,1}, {0xFBAB,2490,1}, {0xFBAC,2491,1}, {0xFBAD,2492,1}, {0xFBAE,2493,1}, {0xFBAF,2494,1}, {0xFBB0,2495,1}, {0xFBB1,2496,1}, {0xFBD3,2497,1}, {0xFBD4,2498,1}, {0xFBD5,2499,1},
    {0xFBD6,2500,1}, {0xFBD7,2501,1}, {0xFBD8,2502,1}, {0xFBD9,2503,1}, {0xFBDA,2504,1}, {0xFBDB,2505,1}, {0xFBDC,2506,1}, {0xFBDD,2507,1}, {0xFBDE,2508,1}, {0xFBDF,2509,1}, {0xFBE0,2510,1}, {0xFBE1,
    2511,1}, {0xFBE2,2512,1}, {0xFBE3,2513,1}, {0xFBE4,2514,1}, {0xFBE5,2515,1}, {0xFBE6,2516,1}, {0xFBE7,2517,1}, {0xFBE8,2518,1}, {0xFBE9,2519,1}, {0xFBEA,2520,2}, {0xFBEB,2522,2}, {0xFBEC,2524,2},
    {0xFBED,2526,2}, {0xFBEE,2528,2}, {0xFBEF,2530,2}, {0xFBF0,2532,2}, {0xFBF1,2534,2}, {0xFBF2,2536,2}, {0xFBF3,2538,2}, {0xFBF4,2540,2}, {0xFBF5,2542,2}, {0xFBF6,2544,2}, {0xFBF7,2546,2}, {0xFBF8,
    2548,2}, {0xFBF9,2550,2}, {0xFBFA,2552,2}, {0xFBFB,2554,2}, {0xFBFC,2556,1}, {0xFBFD,2557,1}, {0xFBFE,2558,1}, {0xFBFF,2559,1}, {0xFC00,2560,2}, {0xFC01,2562,2}, {0xFC02,2564,2}, {0xFC03,2566,2},
    {0xFC04,2568,2}, {0xFC05,2570,2}, {0xFC06,2572,2}, {0xFC07,2574,2}, {0xFC08,2576,2}, {0xFC09,2578,2}, {0xFC0A,2580,2}, {0xFC0B,2582,2}, {0xFC0C,2584,2}, {0xFC0D,2586,2}, {0xFC0E,2588,2}, {0xFC0F,
    2590,2}, {0xFC10,2592,2}, {0xFC11,2594,2}, {0xFC12,2596,2}, {0xFC13,2598,2}, {0xFC14,2600,2}, {0xFC15,2602,2}, {0xFC16,2604,2}, {0xFC17,2606,2}, {0xFC18,2608,2}, {0xFC19,2610,2}, {0xFC1A,2612,2},
    {0xFC1B,2614,2}, {0xFC1C,2616,2}, {0xFC1D,2618,2}, {0xFC1E,2620,2}, {0xFC1F,2622,2}, {0xFC20,2624,2}, {0xFC21,2626,2}, {0xFC22,2628,2}, {0xFC23,2630,2}, {0xFC24,2632,2}, {0xFC25,2634,2}, {0xFC26,
    2636,2}, {0xFC27,2638,2}, {0xFC28,2640,2}, {0xFC29,2642,2}, {0xFC2A,2644,2}, {0xFC2B,2646,2}, {0xFC2C,2648,2}, {0xFC2D,2650,2}, {0xFC2E,2652,2}, {0xFC2F,2654,2}, {0xFC30,2656,2}, {0xFC31,2658,2},
    {0xFC32,2660,2}, {0xFC33,2662,2}, {0xFC34,2664,2}, {0xFC35,2666,2}, {0xFC36,2668,2}, {0xFC37,2670,2}, {0xFC38,2672,2}, {0xFC39,2674,2}, {0xFC3A,2676,2}, {0xFC3B,2678,2}, {0xFC3C,2680,2}, {0xFC3D,
    2682,2}, {0xFC3E,2684,2}, {0xFC3F,2686,2}, {0xFC40,2688,2}, {0xFC41,2690,2}, {0xFC42,2692,2}, {0xFC43,2694,2}, {0xFC44,2696,2}, {0xFC45,2698,2}, {0xFC46,2700,2}, {0xFC47,2702,2}, {0xFC48,2704,2},
    {0xFC49,2706,2}, {0xFC4A,2708,2}, {0xFC4B,2710,2}, {0xFC4C,2712,2}, {0xFC4D,2714,2}, {0xFC4E,2716,2}, {0xFC4F,2718,2}, {0xFC50,2720,2}, {0xFC51,2722,2}, {0xFC52,2724,2}, {0xFC53,2726,2}, {0xFC54,
    2728,2}, {0xFC55,2730,2}, {0xFC56,2732,2}, {0xFC57,2734,2}, {0xFC58,2736,2}, {0xFC59,2738,2}, {0xFC5A,2740,2}, {0xFC5B,2742,2}, {0xFC5C,2744,2}, {0xFC5D,2746,2}, {0xFC5E,2748,3}, {0xFC5F,2751,3},
    {0xFC60,2754,3}, {0xFC61,2757,3}, {0xFC62,2760,3}, {0xFC63,2763,3}, {0xFC64,2766,2}, {0xFC65,2768,2}, {0xFC66,2770,2}, {0xFC67,2772,2}, {0xFC68,2774,2}, {0xFC69,2776,2}, {0xFC6A,2778,2}, {0xFC6B,
    2780,2}, {0xFC6C,2782,2}, {0xFC6D,2784,2}, {0xFC6E,2786,2}, {0xFC6F,2788,2}, {0xFC70,2790,2}, {0xFC71,2792,2}, {0xFC72,2794,2}, {0xFC73,2796,2}, {0xFC74,2798,2}, {0xFC75,2800,2}, {0xFC76,2802,2},
    {0xFC77,2804,2}, {0xFC78,2806,2}, {0xFC79,2808,2}, {0xFC7A,2810,2}, {0xFC7B,2812,2}, {0xFC7C,2814,2}, {0xFC7D,2816,2}, {0xFC7E,2818,2}, {0xFC7F,2820,2}, {0xFC80,2822,2}, {0xFC81,2824,2}, {0xFC82,
    2826,2}, {0xFC83,2828,2}, {0xFC84,2830,2}, {0xFC85,2832,2}, {0xFC86,2834,2}, {0xFC87,2836,2}, {0xFC88,2838,2}, {0xFC89,2840,2}, {0xFC8A,2842,2}, {0xFC8B,2844,2}, {0xFC8C,2846,2}, {0xFC8D,2848,2},
    {0xFC8E,2850,2}, {0xFC8F,2852,2}, {0xFC90,2854,2}, {0xFC91,2856,2}, {0xFC92,2858,2}, {0xFC93,2860,2}, {0xFC94,2862,2}, {0xFC95,2864,2}, {0xFC96,2866,2}, {0xFC97,2868,2}, {0xFC98,2870,2}, {0xFC99,
    2872,2}, {0xFC9A,2874,2}, {0xFC9B,2876,2}, {0xFC9C,2878,2}, {0xFC9D,2880,2}, {0xFC9E,2882,2}, {0xFC9F,2884,2}, {0xFCA0,2886,2}, {0xFCA1,2888,2}, {0xFCA2,2890,2}, {0xFCA3,2892,2}, {0xFCA4,2894,2},
    {0xFCA5,2896,2}, {0xFCA6,2898,2}, {0xFCA7,2900,2}, {0xFCA8,2902,2}, {0xFCA9,2904,2}, {0xFCAA,2906,2}, {0xFCAB,2908,2}, {0xFCAC,2910,2}, {0xFCAD,2912,2}, {0xFCAE,2914,2}, {0xFCAF,2916,2}, {0xFCB0,
    2918,2}, {0xFCB1,2920,2}, {0xFCB2,2922,2}, {0xFCB3,2924,2}, {0xFCB4,2926,2}, {0xFCB5,2928,2}, {0xFCB6,2930,2}, {0xFCB7,2932,2}, {0xFCB8,2934,2}, {0xFCB9,2936,2}, {0xFCBA,2938,2}, {0xFCBB,2940,2},
    {0xFCBC,2942,2}, {0xFCBD,2944,2}, {0xFCBE,2946,2}, {0xFCBF,2948,2}, {0xFCC0,2950,2}, {0xFCC1,2952,2}, {0xFCC2,2954,2}, {0xFCC3,2956,2}, {0xFCC4,2958,2}, {0xFCC5,2960,2}, {0xFCC6,2962,2}, {0xFCC7,
    2964,2}, {0xFCC8,2966,2}, {0xFCC9,2968,2}, {0xFCCA,2970,2}, {0xFCCB,2972,2}, {0xFCCC,2974,2}, {0xFCCD,2976,2}, {0xFCCE,2978,2}, {0xFCCF,2980,2}, {0xFCD0,2982,2}, {0xFCD1,2984,2}, {0xFCD2,2986,2},
    {0xFCD3,2988,2}, {0xFCD4,2990,2}, {0xFCD5,2992,2}, {0xFCD6,2994,2}, {0xFCD7,2996,2}, {0xFCD8,2998,2}, {0xFCD9,3000,2}, {0xFCDA,3002,2}, {0xFCDB,3004,2}, {0xFCDC,3006,2}, {0xFCDD,3008,2}, {0xFCDE,
    3010,2}, {0xFCDF,3012,2}, {0xFCE0,3014,2}, {0xFCE1,3016,2}, {0xFCE2,3018,2}, {0xFCE3,3020,2}, {0xFCE4,3022,2}, {0xFCE5,3024,2}, {0xFCE6,3026,2}, {0xFCE7,3028,2}, {0xFCE8,3030,2}, {0xFCE9,3032,2},
    {0xFCEA,3034,2}, {0xFCEB,3036,2}, {0xFCEC,3038,2}, {0xFCED,3040,2}, {0xFCEE,3042,2}, {0xFCEF,3044,2}, {0xFCF0,3046,2}, {0xFCF1,3048,2}, {0xFCF2,3050,3}, {0xFCF3,3053,3}, {0xFCF4,3056,3}, {0xFCF5,
    3059,2}, {0xFCF6,3061,2}, {0xFCF7,3063,2}, {0xFCF8,3065,2}, {0xFCF9,3067,2}, {0xFCFA,3069,2}, {0xFCFB,3071,2}, {0xFCFC,3073,2}, {0xFCFD,3075,2}, {0xFCFE,3077,2}, {0xFCFF,3079,2}, {0xFD00,3081,2},
    {0xFD01,3083,2}, {0xFD02,3085,2}, {0xFD03,3087,2}, {0xFD04,3089,2}, {0xFD05,3091,2}, {0xFD06,3093,2}, {0xFD07,3095,2}, {0xFD08,3097,2}, {0xFD09,3099,2}, {0xFD0A,3101,2}, {0xFD0B,3103,2}, {0xFD0C,
    3105,2}, {0xFD0D,3107,2}, {0xFD0E,3109,2}, {0xFD0F,3111,2}, {0xFD10,3113,2}, {0xFD11,3115,2}, {0xFD12,3117,2}, {0xFD13,3119,2}, {0xFD14,3121,2}, {0xFD15,3123,2}, {0xFD16,3125,2}, {0xFD17,3127,2},
    {0xFD18,3129,2}, {0xFD19,3131,2}, {0xFD1A,3133,2}, {0xFD1B,3135,2}, {0xFD1C,3137,2}, {0xFD1D,3139,2}, {0xFD1E,3141,2}, {0xFD1F,3143,2}, {0xFD20,3145,2}, {0xFD21,3147,2}, {0xFD22,3149,2}, {0xFD23,
    3151,2}, {0xFD24,3153,2}, {0xFD25,3155,2}, {0xFD26,3157,2}, {0xFD27,3159,2}, {0xFD28,3161,2}, {0xFD29,3163,2}, {0xFD2A,3165,2}, {0xFD2B,3167,2}, {0xFD2C,3169,2}, {0xFD2D,3171,2}, {0xFD2E,3173,2},
    {0xFD2F,3175,2}, {0xFD30,3177,2}, {0xFD31,3179,2}, {0xFD32,3181,2}, {0xFD33,3183,2}, {0xFD34,3185,2}, {0xFD35,3187,2}, {0xFD36,3189,2}, {0xFD37,3191,2}, {0xFD38,3193,2}, {0xFD39,3195,2}, {0xFD3A,
    3197,2}, {0xFD3B,3199,2}, {0xFD3C,3201,2}, {0xFD3D,3203,2}, {0xFD50,3205,3}, {0xFD51,3208,3}, {0xFD52,3211,3}, {0xFD53,3214,3}, {0xFD54,3217,3}, {0xFD55,3220,3}, {0xFD56,3223,3}, {0xFD57,3226,3},
    {0xFD58,3229,3}, {0xFD59,3232,3}, {0xFD5A,3235,3}, {0xFD5B,3238,3}, {0xFD5C,3241,3}, {0xFD5D,3244,3}, {0xFD5E,3247,3}, {0xFD5F,3250,3}, {0xFD60,3253,3}, {0xFD61,3256,3}, {0xFD62,3259,3}, {0xFD63,
    3262,3}, {0xFD64,3265,3}, {0xFD65,3268,3}, {0xFD66,3271,3}, {0xFD67,3274,3}, {0xFD68,3277,3}, {0xFD69,3280,3}, {0xFD6A,3283,3}, {0xFD6B,3286,3}, {0xFD6C,3289,3}, {0xFD6D,3292,3}, {0xFD6E,3295,3},
    {0xFD6F,3298,3}, {0xFD70,3301,3}, {0xFD71,3304,3}, {0xFD72,3307,3}, {0xFD73,3310,3}, {0xFD74,3313,3}, {0xFD75,3316,3}, {0xFD76,3319,3}, {0xFD77,3322,3}, {0xFD78,3325,3}, {0xFD79,3328,3}, {0xFD7A,
    3331,3}, {0xFD7B,3334,3}, {0xFD7C,3337,3}, {0xFD7D,3340,3}, {0xFD7E,3343,3}, {0xFD7F,3346,3}, {0xFD80,3349,3}, {0xFD81,3352,3}, {0xFD82,3355,3}, {0xFD83,3358,3}, {0xFD84,3361,3}, {0xFD85,3364,3},
    {0xFD86,3367,3}, {0xFD87,3370,3}, {0xFD88,3373,3}, {0xFD89,3376,3}, {0xFD8A,3379,3}, {0xFD8B,3382,3}, {0xFD8C,3385,3}, {0xFD8D,3388,3}, {0xFD8E,3391,3}, {0xFD8F,3394,3}, {0xFD92,3397,3}, {0xFD93,
    3400,3}, {0xFD94,3403,3}, {0xFD95,3406,3}, {0xFD96,3409,3}, {0xFD97,3412,3}, {0xFD98,3415,3}, {0xFD99,3418,3}, {0xFD9A,3421,3}, {0xFD9B,3424,3}, {0xFD9C,3427,3}, {0xFD9D,3430,3}, {0xFD9E,3433,3},
    {0xFD9F,3436,3}, {0xFDA0,3439,3}, {0xFDA1,3442,3}, {0xFDA2,3445,3}, {0xFDA3,3448,3}, {0xFDA4,3451,3}, {0xFDA5,3454,3}, {0xFDA6,3457,3}, {0xFDA7,3460,3}, {0xFDA8,3463,3}, {0xFDA9,3466,3}, {0xFDAA,
    3469,3}, {0xFDAB,3472,3}, {0xFDAC,3475,3}, {0xFDAD,3478,3}, {0xFDAE,3481,3}, {0xFDAF,3484,3}, {0xFDB0,3487,3}, {0xFDB1,3490,3}, {0xFDB2,3493,3}, {0xFDB3,3496,3}, {0xFDB4,3499,3}, {0xFDB5,3502,3},
    {0xFDB6,3505,3}, {0xFDB7,3508,3}, {0xFDB8,3511,3}, {0xFDB9,3514,3}, {0xFDBA,3517,3}, {0xFDBB,3520,3}, {0xFDBC,3523,3}, {0xFDBD,3526,3}, {0xFDBE,3529,3}, {0xFDBF,3532,3}, {0xFDC0,3535,3}, {0xFDC1,
    3538,3}, {0xFDC2,3541,3}, {0xFDC3,3544,3}, {0xFDC4,3547,3}, {0xFDC5,3550,3}, {0xFDC6,3553,3}, {0xFDC7,3556,3}, {0xFDF0,3559,3}, {0xFDF1,3562,3}, {0xFDF2,3565,4}, {0xFDF3,3569,4}, {0xFDF4,3573,4},
    {0xFDF5,3577,4}, {0xFDF6,3581,4}, {0xFDF7,3585,4}, {0xFDF8,3589,4}, {0xFDF9,3593,3}, {0xFDFA,3596,18}, {0xFDFB,3614,8}, {0xFDFC,3622,4}, {0xFE10,3626,1}, {0xFE11,3627,1}, {0xFE12,3628,1}, {0xFE13,
    3629,1}, {0xFE14,3630,1}, {0xFE15,3631,1}, {0xFE16,3632,1}, {0xFE17,3633,1}, {0xFE18,3634,1}, {0xFE19,3635,1}, {0xFE30,3636,1}, {0xFE31,3637,1}, {0xFE32,3638,1}, {0xFE33,3639,1}, {0xFE34,3640,1},
    {0xFE35,3641,1}, {0xFE36,3642,1}, {0xFE37,3643,1}, {0xFE38,3644,1}, {0xFE39,3645,1}, {0xFE3A,3646,1}, {0xFE3B,3647,1}, {0xFE3C,3648,1}, {0xFE3D,3649,1}, {0xFE3E,3650,1}, {0xFE3F,3651,1}, {0xFE40,
    3652,1}, {0xFE41,3653,1}, {0xFE42,3654,1}, {0xFE43,3655,1}, {0xFE44,3656,1}, {0xFE47,3657,1}, {0xFE48,3658,1}, {0xFE49,3659,1}, {0xFE4A,3660,1}, {0xFE4B,3661,1}, {0xFE4C,3662,1}, {0xFE4D,3663,1},
    {0xFE4E,3664,1}, {0xFE4F,3665,1}, {0xFE50,3666,1}, {0xFE51,3667,1}, {0xFE52,3668,1}, {0xFE54,3669,1}, {0xFE55,3670,1}, {0xFE56,3671,1}, {0xFE57,3672,1}, {0xFE58,3673,1}, {0xFE59,3674,1}, {0xFE5A,
    3675,1}, {0xFE5B,3676,1}, {0xFE5C,3677,1}, {0xFE5D,3678,1}, {0xFE5E,3679,1}, {0xFE5F,3680,1}, {0xFE60,3681,1}, {0xFE61,3682,1}, {0xFE62,3683,1}, {0xFE63,3684,1}, {0xFE64,3685,1}, {0xFE65,3686,1},
    {0xFE66,3687,1}, {0xFE68,3688,1}, {0xFE69,3689,1}, {0xFE6A,3690,1}, {0xFE6B,3691,1}, {0xFE70,3692,2}, {0xFE71,3694,2}, {0xFE72,3696,2}, {0xFE74,3698,2}, {0xFE76,3700,2}, {0xFE77,3702,2}, {0xFE78,
    3704,2}, {0xFE79,3706,2}, {0xFE7A,3708,2}, {0xFE7B,3710,2}, {0xFE7C,3712,2}, {0xFE7D,3714,2}, {0xFE7E,3716,2}, {0xFE7F,3718,2}, {0xFE80,3720,1}, {0xFE81,3721,1}, {0xFE82,3722,1}, {0xFE83,3723,1},
    {0xFE84,3724,1}, {0xFE85,3725,1}, {0xFE86,3726,1}, {0xFE87,3727,1}, {0xFE88,3728,1}, {0xFE89,3729,1}, {0xFE8A,3730,1}, {0xFE8B,3731,1}, {0xFE8C,3732,1}, {0xFE8D,3733,1}, {0xFE8E,3734,1}, {0xFE8F,
    3735,1}, {0xFE90,3736,1}, {0xFE91,3737,1}, {0xFE92,3738,1}, {0xFE93,3739,1}, {0xFE94,3740,1}, {0xFE95,3741,1}, {0xFE96,3742,1}, {0xFE97,3743,1}, {0xFE98,3744,1}, {0xFE99,3745,1}, {0xFE9A,3746,1},
    {0xFE9B,3747,1}, {0xFE9C,3748,1}, {0xFE9D,3749,1}, {0xFE9E,3750,1}, {0xFE9F,3751,1}, {0xFEA0,3752,1}, {0xFEA1,3753,1}, {0xFEA2,3754,1}, {0xFEA3,3755,1}, {0xFEA4,3756,1}, {0xFEA5,3757,1}, {0xFEA6,
    3758,1}, {0xFEA7,3759,1}, {0xFEA8,3760,1}, {0xFEA9,3761,1}, {0xFEAA,3762,1}, {0xFEAB,3763,1}, {0xFEAC,3764,1}, {0xFEAD,3765,1}, {0xFEAE,3766,1}, {0xFEAF,3767,1}, {0xFEB0,3768,1}, {0xFEB1,3769,1},
    {0xFEB2,3770,1}, {0xFEB3,3771,1}, {0xFEB4,3772,1}, {0xFEB5,3773,1}, {0xFEB6,3774,1}, {0xFEB7,3775,1}, {0xFEB8,3776,1}, {0xFEB9,3777,1}, {0xFEBA,3778,1}, {0xFEBB,3779,1}, {0xFEBC,3780,1}, {0xFEBD,
    3781,1}, {0xFEBE,3782,1}, {0xFEBF,3783,1}, {0xFEC0,3784,1}, {0xFEC1,3785,1}, {0xFEC2,3786,1}, {0xFEC3,3787,1}, {0xFEC4,3788,1}, {0xFEC5,3789,1}, {0xFEC6,3790,1}, {0xFEC7,3791,1}, {0xFEC8,3792,1},
    {0xFEC9,3793,1}, {0xFECA,3794,1}, {0xFECB,3795,1}, {0xFECC,3796,1}, {0xFECD,3797,1}, {0xFECE,3798,1}, {0xFECF,3799,1}, {0xFED0,3800,1}, {0xFED1,3801,1}, {0xFED2,3802,1}, {0xFED3,3803,1}, {0xFED4,
    3804,1}, {0xFED5,3805,1}, {0xFED6,3806,1}, {0xFED7,3807,1}, {0xFED8,3808,1}, {0xFED9,3809,1}, {0xFEDA,3810,1}, {0xFEDB,3811,1}, {0xFEDC,3812,1}, {0xFEDD,3813,1}, {0xFEDE,3814,1}, {0xFEDF,3815,1},
    {0xFEE0,3816,1}, {0xFEE1,3817,1}, {0xFEE2,3818,1}, {0xFEE3,3819,1}, {0xFEE4,3820,1}, {0xFEE5,3821,1}, {0xFEE6,3822,1}, {0xFEE7,3823,1}, {0xFEE8,3824,1}, {0xFEE9,3825,1}, {0xFEEA,3826,1}, {0xFEEB,
    3827,1}, {0xFEEC,3828,1}, {0xFEED,3829,1}, {0xFEEE,3830,1}, {0xFEEF,3831,1}, {0xFEF0,3832,1}, {0xFEF1,3833,1}, {0xFEF2,3834,1}, {0xFEF3,3835,1}, {0xFEF4,3836,1}, {0xFEF5,3837,2}, {0xFEF6,3839,2},
    {0xFEF7,3841,2}, {0xFEF8,3843,2}, {0xFEF9,3845,2}, {0xFEFA,3847,2}, {0xFEFB,3849,2}, {0xFEFC,3851,2}, {0xFF01,3853,1}, {0xFF02,3854,1}, {0xFF03,3855,1}, {0xFF04,3856,1}, {0xFF05,3857,1}, {0xFF06,
    3858,1}, {0xFF07,3859,1}, {0xFF08,3860,1}, {0xFF09,3861,1}, {0xFF0A,3862,1}, {0xFF0B,3863,1}, {0xFF0C,3864,1}, {0xFF0D,3865,1}, {0xFF0E,3866,1}, {0xFF0F,3867,1}, {0xFF10,3868,1}, {0xFF11,3869,1},
    {0xFF12,3870,1}, {0xFF13,3871,1}, {0xFF14,3872,1}, {0xFF15,3873,1}, {0xFF16,3874,1}, {0xFF17,3875,1}, {0xFF18,3876,1}, {0xFF19,3877,1}, {0xFF1A,3878,1}, {0xFF1B,3879,1}, {0xFF1C,3880,1}, {0xFF1D,
    3881,1}, {0xFF1E,3882,1}, {0xFF1F,3883,1}, {0xFF20,3884,1}, {0xFF21,3885,1}, {0xFF22,3886,1}, {0xFF23,3887,1}, {0xFF24,3888,1}, {0xFF25,3889,1}, {0xFF26,3890,1}, {0xFF27,3891,1}, {0xFF28,3892,1},
    {0xFF29,3893,1}, {0xFF2A,3894,1}, {0xFF2B,3895,1}, {0xFF2C,3896,1}, {0xFF2D,3897,1}, {0xFF2E,3898,1}, {0xFF2F,3899,1}, {0xFF30,3900,1}, {0xFF31,3901,1}, {0xFF32,3902,1}, {0xFF33,3903,1}, {0xFF34,
    3904,1}, {0xFF35,3905,1}, {0xFF36,3906,1}, {0xFF37,3907,1}, {0xFF38,3908,1}, {0xFF39,3909,1}, {0xFF3A,3910,1}, {0xFF3B,3911,1}, {0xFF3C,3912,1}, {0xFF3D,3913,1}, {0xFF3E,3914,1}, {0xFF3F,3915,1},
    {0xFF40,3916,1}, {0xFF41,3917,1}, {0xFF42,3918,1}, {0xFF43,3919,1}, {0xFF44,3920,1}, {0xFF45,3921,1}, {0xFF46,3922,1}, {0xFF47,3923,1}, {0xFF48,3924,1}, {0xFF49,3925,1}, {0xFF4A,3926,1}, {0xFF4B,
    3927,1}, {0xFF4C,3928,1}, {0xFF4D,3929,1}, {0xFF4E,3930,1}, {0xFF4F,3931,1}, {0xFF50,3932,1}, {0xFF51,3933,1}, {0xFF52,3934,1}, {0xFF53,3935,1}, {0xFF54,3936,1}, {0xFF55,3937,1}, {0xFF56,3938,1},
    {0xFF57,3939,1}, {0xFF58,3940,1}, {0xFF59,3941,1}, {0xFF5A,3942,1}, {0xFF5B,3943,1}, {0xFF5C,3944,1}, {0xFF5D,3945,1}, {0xFF5E,3946,1}, {0xFF5F,3947,1}, {0xFF60,3948,1}, {0xFF61,3949,1}, {0xFF62,
    3950,1}, {0xFF63,3951,1}, {0xFF64,3952,1}, {0xFF65,3953,1}, {0xFF66,3954,1}, {0xFF67,3955,1}, {0xFF68,3956,1}, {0xFF69,3957,1}, {0xFF6A,3958,1}, {0xFF6B,3959,1}, {0xFF6C,3960,1}, {0xFF6D,3961,1},
    {0xFF6E,3962,1}, {0xFF6F,3963,1}, {0xFF70,3964,1}, {0xFF71,3965,1}, {0xFF72,3966,1}, {0xFF73,3967,1}, {0xFF74,3968,1}, {0xFF75,3969,1}, {0xFF76,3970,1}, {0xFF77,3971,1}, {0xFF78,3972,1}, {0xFF79,
    3973,1}, {0xFF7A,3974,1}, {0xFF7B,3975,1}, {0xFF7C,3976,1}, {0xFF7D,3977,1}, {0xFF7E,3978,1}, {0xFF7F,3979,1}, {0xFF80,3980,1}, {0xFF81,3981,1}, {0xFF82,3982,1}, {0xFF83,3983,1}, {0xFF84,3984,1},
    {0xFF85,3985,1}, {0xFF86,3986,1}, {0xFF87,3987,1}, {0xFF88,3988,1}, {0xFF89,3989,1}, {0xFF8A,3990,1}, {0xFF8B,3991,1}, {0xFF8C,3992,1}, {0xFF8D,3993,1}, {0xFF8E,3994,1}, {0xFF8F,3995,1}, {0xFF90,
    3996,1}, {0xFF91,3997,1}, {0xFF92,3998,1}, {0xFF93,3999,1}, {0xFF94,4000,1}, {0xFF95,4001,1}, {0xFF96,4002,1}, {0xFF97,4003,1}, {0xFF98,4004,1}, {0xFF99,4005,1}, {0xFF9A,4006,1}, {0xFF9B,4007,1},
    {0xFF9C,4008,1}, {0xFF9D,4009,1}, {0xFF9E,4010,1}, {0xFF9F,4011,1}, {0xFFA0,4012,1}, {0xFFA1,4013,1}, {0xFFA2,4014,1}, {0xFFA3,4015,1}, {0xFFA4,4016,1}, {0xFFA5,4017,1}, {0xFFA6,4018,1}, {0xFFA7,
    4019,1}, {0xFFA8,4020,1}, {0xFFA9,4021,1}, {0xFFAA,4022,1}, {0xFFAB,4023,1}, {0xFFAC,4024,1}, {0xFFAD,4025,1}, {0xFFAE,4026,1}, {0xFFAF,4027,1}, {0xFFB0,4028,1}, {0xFFB1,4029,1}, {0xFFB2,4030,1},
    {0xFFB3,4031,1}, {0xFFB4,4032,1}, {0xFFB5,4033,1}, {0xFFB6,4034,1}, {0xFFB7,4035,1}, {0xFFB8,4036,1}, {0xFFB9,4037,1}, {0xFFBA,4038,1}, {0xFFBB,4039,1}, {0xFFBC,4040,1}, {0xFFBD,4041,1}, {0xFFBE,
    4042,1}, {0xFFC2,4043,1}, {0xFFC3,4044,1}, {0xFFC4,4045,1}, {0xFFC5,4046,1}, {0xFFC6,4047,1}, {0xFFC7,4048,1}, {0xFFCA,4049,1}, {0xFFCB,4050,1}, {0xFFCC,4051,1}, {0xFFCD,4052,1}, {0xFFCE,4053,1},
    {0xFFCF,4054,1}, {0xFFD2,4055,1}, {0xFFD3,4056,1}, {0xFFD4,4057,1}, {0xFFD5,4058,1}, {0xFFD6,4059,1}, {0xFFD7,4060,1}, {0xFFDA,4061,1}, {0xFFDB,4062,1}, {0xFFDC,4063,1}, {0xFFE0,4064,1}, {0xFFE1,
    4065,1}, {0xFFE2,4066,1}, {0xFFE3,4067,1}, {0xFFE4,4068,1}, {0xFFE5,4069,1}, {0xFFE6,4070,1}, {0xFFE8,4071,1}, {0xFFE9,4072,1}, {0xFFEA,4073,1}, {0xFFEB,4074,1}, {0xFFEC,4075,1}, {0xFFED,4076,1},
    {0xFFEE,4077,1}, {0x10781,4078,1}, {0x10782,4079,1}, {0x10783,4080,1}, {0x10784,4081,1}, {0x10785,4082,1}, {0x10787,4083,1}, {0x10788,4084,1}, {0x10789,4085,1}, {0x1078A,4086,1}, {0x1078B,4087,1},
    {0x1078C,4088,1}, {0x1078D,4089,1}, {0x1078E,4090,1}, {0x1078F,4091,1}, {0x10790,4092,1}, {0x10791,4093,1}, {0x10792,4094,1}, {0x10793,4095,1}, {0x10794,4096,1}, {0x10795,4097,1}, {0x10796,4098,
    1}, {0x10797,4099,1}, {0x10798,4100,1}, {0x10799,4101,1}, {0x1079A,4102,1}, {0x1079B,4103,1}, {0x1079C,4104,1}, {0x1079D,4105,1}, {0x1079E,4106,1}, {0x1079F,4107,1}, {0x107A0,4108,1}, {0x107A1,
    4109,1}, {0x107A2,4110,1}, {0x107A3,4111,1}, {0x107A4,4112,1}, {0x107A5,4113,1}, {0x107A6,4114,1}, {0x107A7,4115,1}, {0x107A8,4116,1}, {0x107A9,4117,1}, {0x107AA,4118,1}, {0x107AB,4119,1},
    {0x107AC,4120,1}, {0x107AD,4121,1}, {0x107AE,4122,1}, {0x107AF,4123,1}, {0x107B0,4124,1}, {0x107B2,4125,1}, {0x107B3,4126,1}, {0x107B4,4127,1}, {0x107B5,4128,1}, {0x107B6,4129,1}, {0x107B7,4130,
    1}, {0x107B8,4131,1}, {0x107B9,4132,1}, {0x107BA,4133,1}, {0x1CCD6,4134,1}, {0x1CCD7,4135,1}, {0x1CCD8,4136,1}, {0x1CCD9,4137,1}, {0x1CCDA,4138,1}, {0x1CCDB,4139,1}, {0x1CCDC,4140,1}, {0x1CCDD,
    4141,1}, {0x1CCDE,4142,1}, {0x1CCDF,4143,1}, {0x1CCE0,4144,1}, {0x1CCE1,4145,1}, {0x1CCE2,4146,1}, {0x1CCE3,4147,1}, {0x1CCE4,4148,1}, {0x1CCE5,4149,1}, {0x1CCE6,4150,1}, {0x1CCE7,4151,1},
    {0x1CCE8,4152,1}, {0x1CCE9,4153,1}, {0x1CCEA,4154,1}, {0x1CCEB,4155,1}, {0x1CCEC,4156,1}, {0x1CCED,4157,1}, {0x1CCEE,4158,1}, {0x1CCEF,4159,1}, {0x1CCF0,4160,1}, {0x1CCF1,4161,1}, {0x1CCF2,4162,
    1}, {0x1CCF3,4163,1}, {0x1CCF4,4164,1}, {0x1CCF5,4165,1}, {0x1CCF6,4166,1}, {0x1CCF7,4167,1}, {0x1CCF8,4168,1}, {0x1CCF9,4169,1}, {0x1D400,4170,1}, {0x1D401,4171,1}, {0x1D402,4172,1}, {0x1D403,
    4173,1}, {0x1D404,4174,1}, {0x1D405,4175,1}, {0x1D406,4176,1}, {0x1D407,4177,1}, {0x1D408,4178,1}, {0x1D409,4179,1}, {0x1D40A,4180,1}, {0x1D40B,4181,1}, {0x1D40C,4182,1}, {0x1D40D,4183,1},
    {0x1D40E,4184,1}, {0x1D40F,4185,1}, {0x1D410,4186,1}, {0x1D411,4187,1}, {0x1D412,4188,1}, {0x1D413,4189,1}, {0x1D414,4190,1}, {0x1D415,4191,1}, {0x1D416,4192,1}, {0x1D417,4193,1}, {0x1D418,4194,
    1}, {0x1D419,4195,1}, {0x1D41A,4196,1}, {0x1D41B,4197,1}, {0x1D41C,4198,1}, {0x1D41D,4199,1}, {0x1D41E,4200,1}, {0x1D41F,4201,1}, {0x1D420,4202,1}, {0x1D421,4203,1}, {0x1D422,4204,1}, {0x1D423,
    4205,1}, {0x1D424,4206,1}, {0x1D425,4207,1}, {0x1D426,4208,1}, {0x1D427,4209,1}, {0x1D428,4210,1}, {0x1D429,4211,1}, {0x1D42A,4212,1}, {0x1D42B,4213,1}, {0x1D42C,4214,1}, {0x1D42D,4215,1},
    {0x1D42E,4216,1}, {0x1D42F,4217,1}, {0x1D430,4218,1}, {0x1D431,4219,1}, {0x1D432,4220,1}, {0x1D433,4221,1}, {0x1D434,4222,1}, {0x1D435,4223,1}, {0x1D436,4224,1}, {0x1D437,4225,1}, {0x1D438,4226,
    1}, {0x1D439,4227,1}, {0x1D43A,4228,1}, {0x1D43B,4229,1}, {0x1D43C,4230,1}, {0x1D43D,4231,1}, {0x1D43E,4232,1}, {0x1D43F,4233,1}, {0x1D440,4234,1}, {0x1D441,4235,1}, {0x1D442,4236,1}, {0x1D443,
    4237,1}, {0x1D444,4238,1}, {0x1D445,4239,1}, {0x1D446,4240,1}, {0x1D447,4241,1}, {0x1D448,4242,1}, {0x1D449,4243,1}, {0x1D44A,4244,1}, {0x1D44B,4245,1}, {0x1D44C,4246,1}, {0x1D44D,4247,1},
    {0x1D44E,4248,1}, {0x1D44F,4249,1}, {0x1D450,4250,1}, {0x1D451,4251,1}, {0x1D452,4252,1}, {0x1D453,4253,1}, {0x1D454,4254,1}, {0x1D456,4255,1}, {0x1D457,4256,1}, {0x1D458,4257,1}, {0x1D459,4258,
    1}, {0x1D45A,4259,1}, {0x1D45B,4260,1}, {0x1D45C,4261,1}, {0x1D45D,4262,1}, {0x1D45E,4263,1}, {0x1D45F,4264,1}, {0x1D460,4265,1}, {0x1D461,4266,1}, {0x1D462,4267,1}, {0x1D463,4268,1}, {0x1D464,
    4269,1}, {0x1D465,4270,1}, {0x1D466,4271,1}, {0x1D467,4272,1}, {0x1D468,4273,1}, {0x1D469,4274,1}, {0x1D46A,4275,1}, {0x1D46B,4276,1}, {0x1D46C,4277,1}, {0x1D46D,4278,1}, {0x1D46E,4279,1},
    {0x1D46F,4280,1}, {0x1D470,4281,1}, {0x1D471,4282,1}, {0x1D472,4283,1}, {0x1D473,4284,1}, {0x1D474,4285,1}, {0x1D475,4286,1}, {0x1D476,4287,1}, {0x1D477,4288,1}, {0x1D478,4289,1}, {0x1D479,4290,
    1}, {0x1D47A,4291,1}, {0x1D47B,4292,1}, {0x1D47C,4293,1}, {0x1D47D,4294,1}, {0x1D47E,4295,1}, {0x1D47F,4296,1}, {0x1D480,4297,1}, {0x1D481,4298,1}, {0x1D482,4299,1}, {0x1D483,4300,1}, {0x1D484,
    4301,1}, {0x1D485,4302,1}, {0x1D486,4303,1}, {0x1D487,4304,1}, {0x1D488,4305,1}, {0x1D489,4306,1}, {0x1D48A,4307,1}, {0x1D48B,4308,1}, {0x1D48C,4309,1}, {0x1D48D,4310,1}, {0x1D48E,4311,1},
    {0x1D48F,4312,1}, {0x1D490,4313,1}, {0x1D491,4314,1}, {0x1D492,4315,1}, {0x1D493,4316,1}, {0x1D494,4317,1}, {0x1D495,4318,1}, {0x1D496,4319,1}, {0x1D497,4320,1}, {0x1D498,4321,1}, {0x1D499,4322,
    1}, {0x1D49A,4323,1}, {0x1D49B,4324,1}, {0x1D49C,4325,1}, {0x1D49E,4326,1}, {0x1D49F,4327,1}, {0x1D4A2,4328,1}, {0x1D4A5,4329,1}, {0x1D4A6,4330,1}, {0x1D4A9,4331,1}, {0x1D4AA,4332,1}, {0x1D4AB,
    4333,1}, {0x1D4AC,4334,1}, {0x1D4AE,4335,1}, {0x1D4AF,4336,1}, {0x1D4B0,4337,1}, {0x1D4B1,4338,1}, {0x1D4B2,4339,1}, {0x1D4B3,4340,1}, {0x1D4B4,4341,1}, {0x1D4B5,4342,1}, {0x1D4B6,4343,1},
    {0x1D4B7,4344,1}, {0x1D4B8,4345,1}, {0x1D4B9,4346,1}, {0x1D4BB,4347,1}, {0x1D4BD,4348,1}, {0x1D4BE,4349,1}, {0x1D4BF,4350,1}, {0x1D4C0,4351,1}, {0x1D4C1,4352,1}, {0x1D4C2,4353,1}, {0x1D4C3,4354,
    1}, {0x1D4C5,4355,1}, {0x1D4C6,4356,1}, {0x1D4C7,4357,1}, {0x1D4C8,4358,1}, {0x1D4C9,4359,1}, {0x1D4CA,4360,1}, {0x1D4CB,4361,1}, {0x1D4CC,4362,1}, {0x1D4CD,4363,1}, {0x1D4CE,4364,1}, {0x1D4CF,
    4365,1}, {0x1D4D0,4366,1}, {0x1D4D1,4367,1}, {0x1D4D2,4368,1}, {0x1D4D3,4369,1}, {0x1D4D4,4370,1}, {0x1D4D5,4371,1}, {0x1D4D6,4372,1}, {0x1D4D7,4373,1}, {0x1D4D8,4374,1}, {0x1D4D9,4375,1},
    {0x1D4DA,4376,1}, {0x1D4DB,4377,1}, {0x1D4DC,4378,1}, {0x1D4DD,4379,1}, {0x1D4DE,4380,1}, {0x1D4DF,4381,1}, {0x1D4E0,4382,1}, {0x1D4E1,4383,1}, {0x1D4E2,4384,1}, {0x1D4E3,4385,1}, {0x1D4E4,4386,
    1}, {0x1D4E5,4387,1}, {0x1D4E6,4388,1}, {0x1D4E7,4389,1}, {0x1D4E8,4390,1}, {0x1D4E9,4391,1}, {0x1D4EA,4392,1}, {0x1D4EB,4393,1}, {0x1D4EC,4394,1}, {0x1D4ED,4395,1}, {0x1D4EE,4396,1}, {0x1D4EF,
    4397,1}, {0x1D4F0,4398,1}, {0x1D4F1,4399,1}, {0x1D4F2,4400,1}, {0x1D4F3,4401,1}, {0x1D4F4,4402,1}, {0x1D4F5,4403,1}, {0x1D4F6,4404,1}, {0x1D4F7,4405,1}, {0x1D4F8,4406,1}, {0x1D4F9,4407,1},
    {0x1D4FA,4408,1}, {0x1D4FB,4409,1}, {0x1D4FC,4410,1}, {0x1D4FD,4411,1}, {0x1D4FE,4412,1}, {0x1D4FF,4413,1}, {0x1D500,4414,1}, {0x1D501,4415,1}, {0x1D502,4416,1}, {0x1D503,4417,1}, {0x1D504,4418,
    1}, {0x1D505,4419,1}, {0x1D507,4420,1}, {0x1D508,4421,1}, {0x1D509,4422,1}, {0x1D50A,4423,1}, {0x1D50D,4424,1}, {0x1D50E,4425,1}, {0x1D50F,4426,1}, {0x1D510,4427,1}, {0x1D511,4428,1}, {0x1D512,
    4429,1}, {0x1D513,4430,1}, {0x1D514,4431,1}, {0x1D516,4432,1}, {0x1D517,4433,1}, {0x1D518,4434,1}, {0x1D519,4435,1}, {0x1D51A,4436,1}, {0x1D51B,4437,1}, {0x1D51C,4438,1}, {0x1D51E,4439,1},
    {0x1D51F,4440,1}, {0x1D520,4441,1}, {0x1D521,4442,1}, {0x1D522,4443,1}, {0x1D523,4444,1}, {0x1D524,4445,1}, {0x1D525,4446,1}, {0x1D526,4447,1}, {0x1D527,4448,1}, {0x1D528,4449,1}, {0x1D529,4450,
    1}, {0x1D52A,4451,1}, {0x1D52B,4452,1}, {0x1D52C,4453,1}, {0x1D52D,4454,1}, {0x1D52E,4455,1}, {0x1D52F,4456,1}, {0x1D530,4457,1}, {0x1D531,4458,1}, {0x1D532,4459,1}, {0x1D533,4460,1}, {0x1D534,
    4461,1}, {0x1D535,4462,1}, {0x1D536,4463,1}, {0x1D537,4464,1}, {0x1D538,4465,1}, {0x1D539,4466,1}, {0x1D53B,4467,1}, {0x1D53C,4468,1}, {0x1D53D,4469,1}, {0x1D53E,4470,1}, {0x1D540,4471,1},
    {0x1D541,4472,1}, {0x1D542,4473,1}, {0x1D543,4474,1}, {0x1D544,4475,1}, {0x1D546,4476,1}, {0x1D54A,4477,1}, {0x1D54B,4478,1}, {0x1D54C,4479,1}, {0x1D54D,4480,1}, {0x1D54E,4481,1}, {0x1D54F,4482,
    1}, {0x1D550,4483,1}, {0x1D552,4484,1}, {0x1D553,4485,1}, {0x1D554,4486,1}, {0x1D555,4487,1}, {0x1D556,4488,1}, {0x1D557,4489,1}, {0x1D558,4490,1}, {0x1D559,4491,1}, {0x1D55A,4492,1}, {0x1D55B,
    4493,1}, {0x1D55C,4494,1}, {0x1D55D,4495,1}, {0x1D55E,4496,1}, {0x1D55F,4497,1}, {0x1D560,4498,1}, {0x1D561,4499,1}, {0x1D562,4500,1}, {0x1D563,4501,1}, {0x1D564,4502,1}, {0x1D565,4503,1},
    {0x1D566,4504,1}, {0x1D567,4505,1}, {0x1D568,4506,1}, {0x1D569,4507,1}, {0x1D56A,4508,1}, {0x1D56B,4509,1}, {0x1D56C,4510,1}, {0x1D56D,4511,1}, {0x1D56E,4512,1}, {0x1D56F,4513,1}, {0x1D570,4514,
    1}, {0x1D571,4515,1}, {0x1D572,4516,1}, {0x1D573,4517,1}, {0x1D574,4518,1}, {0x1D575,4519,1}, {0x1D576,4520,1}, {0x1D577,4521,1}, {0x1D578,4522,1}, {0x1D579,4523,1}, {0x1D57A,4524,1}, {0x1D57B,
    4525,1}, {0x1D57C,4526,1}, {0x1D57D,4527,1}, {0x1D57E,4528,1}, {0x1D57F,4529,1}, {0x1D580,4530,1}, {0x1D581,4531,1}, {0x1D582,4532,1}, {0x1D583,4533,1}, {0x1D584,4534,1}, {0x1D585,4535,1},
    {0x1D586,4536,1}, {0x1D587,4537,1}, {0x1D588,4538,1}, {0x1D589,4539,1}, {0x1D58A,4540,1}, {0x1D58B,4541,1}, {0x1D58C,4542,1}, {0x1D58D,4543,1}, {0x1D58E,4544,1}, {0x1D58F,4545,1}, {0x1D590,4546,
    1}, {0x1D591,4547,1}, {0x1D592,4548,1}, {0x1D593,4549,1}, {0x1D594,4550,1}, {0x1D595,4551,1}, {0x1D596,4552,1}, {0x1D597,4553,1}, {0x1D598,4554,1}, {0x1D599,4555,1}, {0x1D59A,4556,1}, {0x1D59B,
    4557,1}, {0x1D59C,4558,1}, {0x1D59D,4559,1}, {0x1D59E,4560,1}, {0x1D59F,4561,1}, {0x1D5A0,4562,1}, {0x1D5A1,4563,1}, {0x1D5A2,4564,1}, {0x1D5A3,4565,1}, {0x1D5A4,4566,1}, {0x1D5A5,4567,1},
    {0x1D5A6,4568,1}, {0x1D5A7,4569,1}, {0x1D5A8,4570,1}, {0x1D5A9,4571,1}, {0x1D5AA,4572,1}, {0x1D5AB,4573,1}, {0x1D5AC,4574,1}, {0x1D5AD,4575,1}, {0x1D5AE,4576,1}, {0x1D5AF,4577,1}, {0x1D5B0,4578,
    1}, {0x1D5B1,4579,1}, {0x1D5B2,4580,1}, {0x1D5B3,4581,1}, {0x1D5B4,4582,1}, {0x1D5B5,4583,1}, {0x1D5B6,4584,1}, {0x1D5B7,4585,1}, {0x1D5B8,4586,1}, {0x1D5B9,4587,1}, {0x1D5BA,4588,1}, {0x1D5BB,
    4589,1}, {0x1D5BC,4590,1}, {0x1D5BD,4591,1}, {0x1D5BE,4592,1}, {0x1D5BF,4593,1}, {0x1D5C0,4594,1}, {0x1D5C1,4595,1}, {0x1D5C2,4596,1}, {0x1D5C3,4597,1}, {0x1D5C4,4598,1}, {0x1D5C5,4599,1},
    {0x1D5C6,4600,1}, {0x1D5C7,4601,1}, {0x1D5C8,4602,1}, {0x1D5C9,4603,1}, {0x1D5CA,4604,1}, {0x1D5CB,4605,1}, {0x1D5CC,4606,1}, {0x1D5CD,4607,1}, {0x1D5CE,4608,1}, {0x1D5CF,4609,1}, {0x1D5D0,4610,
    1}, {0x1D5D1,4611,1}, {0x1D5D2,4612,1}, {0x1D5D3,4613,1}, {0x1D5D4,4614,1}, {0x1D5D5,4615,1}, {0x1D5D6,4616,1}, {0x1D5D7,4617,1}, {0x1D5D8,4618,1}, {0x1D5D9,4619,1}, {0x1D5DA,4620,1}, {0x1D5DB,
    4621,1}, {0x1D5DC,4622,1}, {0x1D5DD,4623,1}, {0x1D5DE,4624,1}, {0x1D5DF,4625,1}, {0x1D5E0,4626,1}, {0x1D5E1,4627,1}, {0x1D5E2,4628,1}, {0x1D5E3,4629,1}, {0x1D5E4,4630,1}, {0x1D5E5,4631,1},
    {0x1D5E6,4632,1}, {0x1D5E7,4633,1}, {0x1D5E8,4634,1}, {0x1D5E9,4635,1}, {0x1D5EA,4636,1}, {0x1D5EB,4637,1}, {0x1D5EC,4638,1}, {0x1D5ED,4639,1}, {0x1D5EE,4640,1}, {0x1D5EF,4641,1}, {0x1D5F0,4642,
    1}, {0x1D5F1,4643,1}, {0x1D5F2,4644,1}, {0x1D5F3,4645,1}, {0x1D5F4,4646,1}, {0x1D5F5,4647,1}, {0x1D5F6,4648,1}, {0x1D5F7,4649,1}, {0x1D5F8,4650,1}, {0x1D5F9,4651,1}, {0x1D5FA,4652,1}, {0x1D5FB,
    4653,1}, {0x1D5FC,4654,1}, {0x1D5FD,4655,1}, {0x1D5FE,4656,1}, {0x1D5FF,4657,1}, {0x1D600,4658,1}, {0x1D601,4659,1}, {0x1D602,4660,1}, {0x1D603,4661,1}, {0x1D604,4662,1}, {0x1D605,4663,1},
    {0x1D606,4664,1}, {0x1D607,4665,1}, {0x1D608,4666,1}, {0x1D609,4667,1}, {0x1D60A,4668,1}, {0x1D60B,4669,1}, {0x1D60C,4670,1}, {0x1D60D,4671,1}, {0x1D60E,4672,1}, {0x1D60F,4673,1}, {0x1D610,4674,
    1}, {0x1D611,4675,1}, {0x1D612,4676,1}, {0x1D613,4677,1}, {0x1D614,4678,1}, {0x1D615,4679,1}, {0x1D616,4680,1}, {0x1D617,4681,1}, {0x1D618,4682,1}, {0x1D619,4683,1}, {0x1D61A,4684,1}, {0x1D61B,
    4685,1}, {0x1D61C,4686,1}, {0x1D61D,4687,1}, {0x1D61E,4688,1}, {0x1D61F,4689,1}, {0x1D620,4690,1}, {0x1D621,4691,1}, {0x1D622,4692,1}, {0x1D623,4693,1}, {0x1D624,4694,1}, {0x1D625,4695,1},
    {0x1D626,4696,1}, {0x1D627,4697,1}, {0x1D628,4698,1}, {0x1D629,4699,1}, {0x1D62A,4700,1}, {0x1D62B,4701,1}, {0x1D62C,4702,1}, {0x1D62D,4703,1}, {0x1D62E,4704,1}, {0x1D62F,4705,1}, {0x1D630,4706,
    1}, {0x1D631,4707,1}, {0x1D632,4708,1}, {0x1D633,4709,1}, {0x1D634,4710,1}, {0x1D635,4711,1}, {0x1D636,4712,1}, {0x1D637,4713,1}, {0x1D638,4714,1}, {0x1D639,4715,1}, {0x1D63A,4716,1}, {0x1D63B,
    4717,1}, {0x1D63C,4718,1}, {0x1D63D,4719,1}, {0x1D63E,4720,1}, {0x1D63F,4721,1}, {0x1D640,4722,1}, {0x1D641,4723,1}, {0x1D642,4724,1}, {0x1D643,4725,1}, {0x1D644,4726,1}, {0x1D645,4727,1},
    {0x1D646,4728,1}, {0x1D647,4729,1}, {0x1D648,4730,1}, {0x1D649,4731,1}, {0x1D64A,4732,1}, {0x1D64B,4733,1}, {0x1D64C,4734,1}, {0x1D64D,4735,1}, {0x1D64E,4736,1}, {0x1D64F,4737,1}, {0x1D650,4738,
    1}, {0x1D651,4739,1}, {0x1D652,4740,1}, {0x1D653,4741,1}, {0x1D654,4742,1}, {0x1D655,4743,1}, {0x1D656,4744,1}, {0x1D657,4745,1}, {0x1D658,4746,1}, {0x1D659,4747,1}, {0x1D65A,4748,1}, {0x1D65B,
    4749,1}, {0x1D65C,4750,1}, {0x1D65D,4751,1}, {0x1D65E,4752,1}, {0x1D65F,4753,1}, {0x1D660,4754,1}, {0x1D661,4755,1}, {0x1D662,4756,1}, {0x1D663,4757,1}, {0x1D664,4758,1}, {0x1D665,4759,1},
    {0x1D666,4760,1}, {0x1D667,4761,1}, {0x1D668,4762,1}, {0x1D669,4763,1}, {0x1D66A,4764,1}, {0x1D66B,4765,1}, {0x1D66C,4766,1}, {0x1D66D,4767,1}, {0x1D66E,4768,1}, {0x1D66F,4769,1}, {0x1D670,4770,
    1}, {0x1D671,4771,1}, {0x1D672,4772,1}, {0x1D673,4773,1}, {0x1D674,4774,1}, {0x1D675,4775,1}, {0x1D676,4776,1}, {0x1D677,4777,1}, {0x1D678,4778,1}, {0x1D679,4779,1}, {0x1D67A,4780,1}, {0x1D67B,
    4781,1}, {0x1D67C,4782,1}, {0x1D67D,4783,1}, {0x1D67E,4784,1}, {0x1D67F,4785,1}, {0x1D680,4786,1}, {0x1D681,4787,1}, {0x1D682,4788,1}, {0x1D683,4789,1}, {0x1D684,4790,1}, {0x1D685,4791,1},
    {0x1D686,4792,1}, {0x1D687,4793,1}, {0x1D688,4794,1}, {0x1D689,4795,1}, {0x1D68A,4796,1}, {0x1D68B,4797,1}, {0x1D68C,4798,1}, {0x1D68D,4799,1}, {0x1D68E,4800,1}, {0x1D68F,4801,1}, {0x1D690,4802,
    1}, {0x1D691,4803,1}, {0x1D692,4804,1}, {0x1D693,4805,1}, {0x1D694,4806,1}, {0x1D695,4807,1}, {0x1D696,4808,1}, {0x1D697,4809,1}, {0x1D698,4810,1}, {0x1D699,4811,1}, {0x1D69A,4812,1}, {0x1D69B,
    4813,1}, {0x1D69C,4814,1}, {0x1D69D,4815,1}, {0x1D69E,4816,1}, {0x1D69F,4817,1}, {0x1D6A0,4818,1}, {0x1D6A1,4819,1}, {0x1D6A2,4820,1}, {0x1D6A3,4821,1}, {0x1D6A4,4822,1}, {0x1D6A5,4823,1},
    {0x1D6A8,4824,1}, {0x1D6A9,4825,1}, {0x1D6AA,4826,1}, {0x1D6AB,4827,1}, {0x1D6AC,4828,1}, {0x1D6AD,4829,1}, {0x1D6AE,4830,1}, {0x1D6AF,4831,1}, {0x1D6B0,4832,1}, {0x1D6B1,4833,1}, {0x1D6B2,4834,
    1}, {0x1D6B3,4835,1}, {0x1D6B4,4836,1}, {0x1D6B5,4837,1}, {0x1D6B6,4838,1}, {0x1D6B7,4839,1}, {0x1D6B8,4840,1}, {0x1D6B9,4841,1}, {0x1D6BA,4842,1}, {0x1D6BB,4843,1}, {0x1D6BC,4844,1}, {0x1D6BD,
    4845,1}, {0x1D6BE,4846,1}, {0x1D6BF,4847,1}, {0x1D6C0,4848,1}, {0x1D6C1,4849,1}, {0x1D6C2,4850,1}, {0x1D6C3,4851,1}, {0x1D6C4,4852,1}, {0x1D6C5,4853,1}, {0x1D6C6,4854,1}, {0x1D6C7,4855,1},
    {0x1D6C8,4856,1}, {0x1D6C9,4857,1}, {0x1D6CA,4858,1}, {0x1D6CB,4859,1}, {0x1D6CC,4860,1}, {0x1D6CD,4861,1}, {0x1D6CE,4862,1}, {0x1D6CF,4863,1}, {0x1D6D0,4864,1}, {0x1D6D1,4865,1}, {0x1D6D2,4866,
    1}, {0x1D6D3,4867,1}, {0x1D6D4,4868,1}, {0x1D6D5,4869,1}, {0x1D6D6,4870,1}, {0x1D6D7,4871,1}, {0x1D6D8,4872,1}, {0x1D6D9,4873,1}, {0x1D6DA,4874,1}, {0x1D6DB,4875,1}, {0x1D6DC,4876,1}, {0x1D6DD,
    4877,1}, {0x1D6DE,4878,1}, {0x1D6DF,4879,1}, {0x1D6E0,4880,1}, {0x1D6E1,4881,1}, {0x1D6E2,4882,1}, {0x1D6E3,4883,1}, {0x1D6E4,4884,1}, {0x1D6E5,4885,1}, {0x1D6E6,4886,1}, {0x1D6E7,4887,1},
    {0x1D6E8,4888,1}, {0x1D6E9,4889,1}, {0x1D6EA,4890,1}, {0x1D6EB,4891,1}, {0x1D6EC,4892,1}, {0x1D6ED,4893,1}, {0x1D6EE,4894,1}, {0x1D6EF,4895,1}, {0x1D6F0,4896,1}, {0x1D6F1,4897,1}, {0x1D6F2,4898,
    1}, {0x1D6F3,4899,1}, {0x1D6F4,4900,1}, {0x1D6F5,4901,1}, {0x1D6F6,4902,1}, {0x1D6F7,4903,1}, {0x1D6F8,4904,1}, {0x1D6F9,4905,1}, {0x1D6FA,4906,1}, {0x1D6FB,4907,1}, {0x1D6FC,4908,1}, {0x1D6FD,
    4909,1}, {0x1D6FE,4910,1}, {0x1D6FF,4911,1}, {0x1D700,4912,1}, {0x1D701,4913,1}, {0x1D702,4914,1}, {0x1D703,4915,1}, {0x1D704,4916,1}, {0x1D705,4917,1}, {0x1D706,4918,1}, {0x1D707,4919,1},
    {0x1D708,4920,1}, {0x1D709,4921,1}, {0x1D70A,4922,1}, {0x1D70B,4923,1}, {0x1D70C,4924,1}, {0x1D70D,4925,1}, {0x1D70E,4926,1}, {0x1D70F,4927,1}, {0x1D710,4928,1}, {0x1D711,4929,1}, {0x1D712,4930,
    1}, {0x1D713,4931,1}, {0x1D714,4932,1}, {0x1D715,4933,1}, {0x1D716,4934,1}, {0x1D717,4935,1}, {0x1D718,4936,1}, {0x1D719,4937,1}, {0x1D71A,4938,1}, {0x1D71B,4939,1}, {0x1D71C,4940,1}, {0x1D71D,
    4941,1}, {0x1D71E,4942,1}, {0x1D71F,4943,1}, {0x1D720,4944,1}, {0x1D721,4945,1}, {0x1D722,4946,1}, {0x1D723,4947,1}, {0x1D724,4948,1}, {0x1D725,4949,1}, {0x1D726,4950,1}, {0x1D727,4951,1},
    {0x1D728,4952,1}, {0x1D729,4953,1}, {0x1D72A,4954,1}, {0x1D72B,4955,1}, {0x1D72C,4956,1}, {0x1D72D,4957,1}, {0x1D72E,4958,1}, {0x1D72F,4959,1}, {0x1D730,4960,1}, {0x1D731,4961,1}, {0x1D732,4962,
    1}, {0x1D733,4963,1}, {0x1D734,4964,1}, {0x1D735,4965,1}, {0x1D736,4966,1}, {0x1D737,4967,1}, {0x1D738,4968,1}, {0x1D739,4969,1}, {0x1D73A,4970,1}, {0x1D73B,4971,1}, {0x1D73C,4972,1}, {0x1D73D,
    4973,1}, {0x1D73E,4974,1}, {0x1D73F,4975,1}, {0x1D740,4976,1}, {0x1D741,4977,1}, {0x1D742,4978,1}, {0x1D743,4979,1}, {0x1D744,4980,1}, {0x1D745,4981,1}, {0x1D746,4982,1}, {0x1D747,4983,1},
    {0x1D748,4984,1}, {0x1D749,4985,1}, {0x1D74A,4986,1}, {0x1D74B,4987,1}, {0x1D74C,4988,1}, {0x1D74D,4989,1}, {0x1D74E,4990,1}, {0x1D74F,4991,1}, {0x1D750,4992,1}, {0x1D751,4993,1}, {0x1D752,4994,
    1}, {0x1D753,4995,1}, {0x1D754,4996,1}, {0x1D755,4997,1}, {0x1D756,4998,1}, {0x1D757,4999,1}, {0x1D758,5000,1}, {0x1D759,5001,1}, {0x1D75A,5002,1}, {0x1D75B,5003,1}, {0x1D75C,5004,1}, {0x1D75D,
    5005,1}, {0x1D75E,5006,1}, {0x1D75F,5007,1}, {0x1D760,5008,1}, {0x1D761,5009,1}, {0x1D762,5010,1}, {0x1D763,5011,1}, {0x1D764,5012,1}, {0x1D765,5013,1}, {0x1D766,5014,1}, {0x1D767,5015,1},
    {0x1D768,5016,1}, {0x1D769,5017,1}, {0x1D76A,5018,1}, {0x1D76B,5019,1}, {0x1D76C,5020,1}, {0x1D76D,5021,1}, {0x1D76E,5022,1}, {0x1D76F,5023,1}, {0x1D770,5024,1}, {0x1D771,5025,1}, {0x1D772,5026,
    1}, {0x1D773,5027,1}, {0x1D774,5028,1}, {0x1D775,5029,1}, {0x1D776,5030,1}, {0x1D777,5031,1}, {0x1D778,5032,1}, {0x1D779,5033,1}, {0x1D77A,5034,1}, {0x1D77B,5035,1}, {0x1D77C,5036,1}, {0x1D77D,
    5037,1}, {0x1D77E,5038,1}, {0x1D77F,5039,1}, {0x1D780,5040,1}, {0x1D781,5041,1}, {0x1D782,5042,1}, {0x1D783,5043,1}, {0x1D784,5044,1}, {0x1D785,5045,1}, {0x1D786,5046,1}, {0x1D787,5047,1},
    {0x1D788,5048,1}, {0x1D789,5049,1}, {0x1D78A,5050,1}, {0x1D78B,5051,1}, {0x1D78C,5052,1}, {0x1D78D,5053,1}, {0x1D78E,5054,1}, {0x1D78F,5055,1}, {0x1D790,5056,1}, {0x1D791,5057,1}, {0x1D792,5058,
    1}, {0x1D793,5059,1}, {0x1D794,5060,1}, {0x1D795,5061,1}, {0x1D796,5062,1}, {0x1D797,5063,1}, {0x1D798,5064,1}, {0x1D799,5065,1}, {0x1D79A,5066,1}, {0x1D79B,5067,1}, {0x1D79C,5068,1}, {0x1D79D,
    5069,1}, {0x1D79E,5070,1}, {0x1D79F,5071,1}, {0x1D7A0,5072,1}, {0x1D7A1,5073,1}, {0x1D7A2,5074,1}, {0x1D7A3,5075,1}, {0x1D7A4,5076,1}, {0x1D7A5,5077,1}, {0x1D7A6,5078,1}, {0x1D7A7,5079,1},
    {0x1D7A8,5080,1}, {0x1D7A9,5081,1}, {0x1D7AA,5082,1}, {0x1D7AB,5083,1}, {0x1D7AC,5084,1}, {0x1D7AD,5085,1}, {0x1D7AE,5086,1}, {0x1D7AF,5087,1}, {0x1D7B0,5088,1}, {0x1D7B1,5089,1}, {0x1D7B2,5090,
    1}, {0x1D7B3,5091,1}, {0x1D7B4,5092,1}, {0x1D7B5,5093,1}, {0x1D7B6,5094,1}, {0x1D7B7,5095,1}, {0x1D7B8,5096,1}, {0x1D7B9,5097,1}, {0x1D7BA,5098,1}, {0x1D7BB,5099,1}, {0x1D7BC,5100,1}, {0x1D7BD,
    5101,1}, {0x1D7BE,5102,1}, {0x1D7BF,5103,1}, {0x1D7C0,5104,1}, {0x1D7C1,5105,1}, {0x1D7C2,5106,1}, {0x1D7C3,5107,1}, {0x1D7C4,5108,1}, {0x1D7C5,5109,1}, {0x1D7C6,5110,1}, {0x1D7C7,5111,1},
    {0x1D7C8,5112,1}, {0x1D7C9,5113,1}, {0x1D7CA,5114,1}, {0x1D7CB,5115,1}, {0x1D7CE,5116,1}, {0x1D7CF,5117,1}, {0x1D7D0,5118,1}, {0x1D7D1,5119,1}, {0x1D7D2,5120,1}, {0x1D7D3,5121,1}, {0x1D7D4,5122,
    1}, {0x1D7D5,5123,1}, {0x1D7D6,5124,1}, {0x1D7D7,5125,1}, {0x1D7D8,5126,1}, {0x1D7D9,5127,1}, {0x1D7DA,5128,1}, {0x1D7DB,5129,1}, {0x1D7DC,5130,1}, {0x1D7DD,5131,1}, {0x1D7DE,5132,1}, {0x1D7DF,
    5133,1}, {0x1D7E0,5134,1}, {0x1D7E1,5135,1}, {0x1D7E2,5136,1}, {0x1D7E3,5137,1}, {0x1D7E4,5138,1}, {0x1D7E5,5139,1}, {0x1D7E6,5140,1}, {0x1D7E7,5141,1}, {0x1D7E8,5142,1}, {0x1D7E9,5143,1},
    {0x1D7EA,5144,1}, {0x1D7EB,5145,1}, {0x1D7EC,5146,1}, {0x1D7ED,5147,1}, {0x1D7EE,5148,1}, {0x1D7EF,5149,1}, {0x1D7F0,5150,1}, {0x1D7F1,5151,1}, {0x1D7F2,5152,1}, {0x1D7F3,5153,1}, {0x1D7F4,5154,
    1}, {0x1D7F5,5155,1}, {0x1D7F6,5156,1}, {0x1D7F7,5157,1}, {0x1D7F8,5158,1}, {0x1D7F9,5159,1}, {0x1D7FA,5160,1}, {0x1D7FB,5161,1}, {0x1D7FC,5162,1}, {0x1D7FD,5163,1}, {0x1D7FE,5164,1}, {0x1D7FF,
    5165,1}, {0x1E030,5166,1}, {0x1E031,5167,1}, {0x1E032,5168,1}, {0x1E033,5169,1}, {0x1E034,5170,1}, {0x1E035,5171,1}, {0x1E036,5172,1}, {0x1E037,5173,1}, {0x1E038,5174,1}, {0x1E039,5175,1},
    {0x1E03A,5176,1}, {0x1E03B,5177,1}, {0x1E03C,5178,1}, {0x1E03D,5179,1}, {0x1E03E,5180,1}, {0x1E03F,5181,1}, {0x1E040,5182,1}, {0x1E041,5183,1}, {0x1E042,5184,1}, {0x1E043,5185,1}, {0x1E044,5186,
    1}, {0x1E045,5187,1}, {0x1E046,5188,1}, {0x1E047,5189,1}, {0x1E048,5190,1}, {0x1E049,5191,1}, {0x1E04A,5192,1}, {0x1E04B,5193,1}, {0x1E04C,5194,1}, {0x1E04D,5195,1}, {0x1E04E,5196,1}, {0x1E04F,
    5197,1}, {0x1E050,5198,1}, {0x1E051,5199,1}, {0x1E052,5200,1}, {0x1E053,5201,1}, {0x1E054,5202,1}, {0x1E055,5203,1}, {0x1E056,5204,1}, {0x1E057,5205,1}, {0x1E058,5206,1}, {0x1E059,5207,1},
    {0x1E05A,5208,1}, {0x1E05B,5209,1}, {0x1E05C,5210,1}, {0x1E05D,5211,1}, {0x1E05E,5212,1}, {0x1E05F,5213,1}, {0x1E060,5214,1}, {0x1E061,5215,1}, {0x1E062,5216,1}, {0x1E063,5217,1}, {0x1E064,5218,
    1}, {0x1E065,5219,1}, {0x1E066,5220,1}, {0x1E067,5221,1}, {0x1E068,5222,1}, {0x1E069,5223,1}, {0x1E06A,5224,1}, {0x1E06B,5225,1}, {0x1E06C,5226,1}, {0x1E06D,5227,1}, {0x1EE00,5228,1}, {0x1EE01,
    5229,1}, {0x1EE02,5230,1}, {0x1EE03,5231,1}, {0x1EE05,5232,1}, {0x1EE06,5233,1}, {0x1EE07,5234,1}, {0x1EE08,5235,1}, {0x1EE09,5236,1}, {0x1EE0A,5237,1}, {0x1EE0B,5238,1}, {0x1EE0C,5239,1},
    {0x1EE0D,5240,1}, {0x1EE0E,5241,1}, {0x1EE0F,5242,1}, {0x1EE10,5243,1}, {0x1EE11,5244,1}, {0x1EE12,5245,1}, {0x1EE13,5246,1}, {0x1EE14,5247,1}, {0x1EE15,5248,1}, {0x1EE16,5249,1}, {0x1EE17,5250,
    1}, {0x1EE18,5251,1}, {0x1EE19,5252,1}, {0x1EE1A,5253,1}, {0x1EE1B,5254,1}, {0x1EE1C,5255,1}, {0x1EE1D,5256,1}, {0x1EE1E,5257,1}, {0x1EE1F,5258,1}, {0x1EE21,5259,1}, {0x1EE22,5260,1}, {0x1EE24,
    5261,1}, {0x1EE27,5262,1}, {0x1EE29,5263,1}, {0x1EE2A,5264,1}, {0x1EE2B,5265,1}, {0x1EE2C,5266,1}, {0x1EE2D,5267,1}, {0x1EE2E,5268,1}, {0x1EE2F,5269,1}, {0x1EE30,5270,1}, {0x1EE31,5271,1},
    {0x1EE32,5272,1}, {0x1EE34,5273,1}, {0x1EE35,5274,1}, {0x1EE36,5275,1}, {0x1EE37,5276,1}, {0x1EE39,5277,1}, {0x1EE3B,5278,1}, {0x1EE42,5279,1}, {0x1EE47,5280,1}, {0x1EE49,5281,1}, {0x1EE4B,5282,
    1}, {0x1EE4D,5283,1}, {0x1EE4E,5284,1}, {0x1EE4F,5285,1}, {0x1EE51,5286,1}, {0x1EE52,5287,1}, {0x1EE54,5288,1}, {0x1EE57,5289,1}, {0x1EE59,5290,1}, {0x1EE5B,5291,1}, {0x1EE5D,5292,1}, {0x1EE5F,
    5293,1}, {0x1EE61,5294,1}, {0x1EE62,5295,1}, {0x1EE64,5296,1}, {0x1EE67,5297,1}, {0x1EE68,5298,1}, {0x1EE69,5299,1}, {0x1EE6A,5300,1}, {0x1EE6C,5301,1}, {0x1EE6D,5302,1}, {0x1EE6E,5303,1},
    {0x1EE6F,5304,1}, {0x1EE70,5305,1}, {0x1EE71,5306,1}, {0x1EE72,5307,1}, {0x1EE74,5308,1}, {0x1EE75,5309,1}, {0x1EE76,5310,1}, {0x1EE77,5311,1}, {0x1EE79,5312,1}, {0x1EE7A,5313,1}, {0x1EE7B,5314,
    1}, {0x1EE7C,5315,1}, {0x1EE7E,5316,1}, {0x1EE80,5317,1}, {0x1EE81,5318,1}, {0x1EE82,5319,1}, {0x1EE83,5320,1}, {0x1EE84,5321,1}, {0x1EE85,5322,1}, {0x1EE86,5323,1}, {0x1EE87,5324,1}, {0x1EE88,
    5325,1}, {0x1EE89,5326,1}, {0x1EE8B,5327,1}, {0x1EE8C,5328,1}, {0x1EE8D,5329,1}, {0x1EE8E,5330,1}, {0x1EE8F,5331,1}, {0x1EE90,5332,1}, {0x1EE91,5333,1}, {0x1EE92,5334,1}, {0x1EE93,5335,1},
    {0x1EE94,5336,1}, {0x1EE95,5337,1}, {0x1EE96,5338,1}, {0x1EE97,5339,1}, {0x1EE98,5340,1}, {0x1EE99,5341,1}, {0x1EE9A,5342,1}, {0x1EE9B,5343,1}, {0x1EEA1,5344,1}, {0x1EEA2,5345,1}, {0x1EEA3,5346,
    1}, {0x1EEA5,5347,1}, {0x1EEA6,5348,1}, {0x1EEA7,5349,1}, {0x1EEA8,5350,1}, {0x1EEA9,5351,1}, {0x1EEAB,5352,1}, {0x1EEAC,5353,1}, {0x1EEAD,5354,1}, {0x1EEAE,5355,1}, {0x1EEAF,5356,1}, {0x1EEB0,
    5357,1}, {0x1EEB1,5358,1}, {0x1EEB2,5359,1}, {0x1EEB3,5360,1}, {0x1EEB4,5361,1}, {0x1EEB5,5362,1}, {0x1EEB6,5363,1}, {0x1EEB7,5364,1}, {0x1EEB8,5365,1}, {0x1EEB9,5366,1}, {0x1EEBA,5367,1},
    {0x1EEBB,5368,1}, {0x1F100,5369,2}, {0x1F101,5371,2}, {0x1F102,5373,2}, {0x1F103,5375,2}, {0x1F104,5377,2}, {0x1F105,5379,2}, {0x1F106,5381,2}, {0x1F107,5383,2}, {0x1F108,5385,2}, {0x1F109,5387,
    2}, {0x1F10A,5389,2}, {0x1F110,5391,3}, {0x1F111,5394,3}, {0x1F112,5397,3}, {0x1F113,5400,3}, {0x1F114,5403,3}, {0x1F115,5406,3}, {0x1F116,5409,3}, {0x1F117,5412,3}, {0x1F118,5415,3}, {0x1F119,
    5418,3}, {0x1F11A,5421,3}, {0x1F11B,5424,3}, {0x1F11C,5427,3}, {0x1F11D,5430,3}, {0x1F11E,5433,3}, {0x1F11F,5436,3}, {0x1F120,5439,3}, {0x1F121,5442,3}, {0x1F122,5445,3}, {0x1F123,5448,3},
    {0x1F124,5451,3}, {0x1F125,5454,3}, {0x1F126,5457,3}, {0x1F127,5460,3}, {0x1F128,5463,3}, {0x1F129,5466,3}, {0x1F12A,5469,3}, {0x1F12B,5472,1}, {0x1F12C,5473,1}, {0x1F12D,5474,2}, {0x1F12E,5476,
    2}, {0x1F130,5478,1}, {0x1F131,5479,1}, {0x1F132,5480,1}, {0x1F133,5481,1}, {0x1F134,5482,1}, {0x1F135,5483,1}, {0x1F136,5484,1}, {0x1F137,5485,1}, {0x1F138,5486,1}, {0x1F139,5487,1}, {0x1F13A,
    5488,1}, {0x1F13B,5489,1}, {0x1F13C,5490,1}, {0x1F13D,5491,1}, {0x1F13E,5492,1}, {0x1F13F,5493,1}, {0x1F140,5494,1}, {0x1F141,5495,1}, {0x1F142,5496,1}, {0x1F143,5497,1}, {0x1F144,5498,1},
    {0x1F145,5499,1}, {0x1F146,5500,1}, {0x1F147,5501,1}, {0x1F148,5502,1}, {0x1F149,5503,1}, {0x1F14A,5504,2}, {0x1F14B,5506,2}, {0x1F14C,5508,2}, {0x1F14D,5510,2}, {0x1F14E,5512,3}, {0x1F14F,5515,
    2}, {0x1F16A,5517,2}, {0x1F16B,5519,2}, {0x1F16C,5521,2}, {0x1F190,5523,2}, {0x1F200,5525,2}, {0x1F201,5527,2}, {0x1F202,5529,1}, {0x1F210,5530,1}, {0x1F211,5531,1}, {0x1F212,5532,1}, {0x1F213,
    5533,1}, {0x1F214,5534,1}, {0x1F215,5535,1}, {0x1F216,5536,1}, {0x1F217,5537,1}, {0x1F218,5538,1}, {0x1F219,5539,1}, {0x1F21A,5540,1}, {0x1F21B,5541,1}, {0x1F21C,5542,1}, {0x1F21D,5543,1},
    {0x1F21E,5544,1}, {0x1F21F,5545,1}, {0x1F220,5546,1}, {0x1F221,5547,1}, {0x1F222,5548,1}, {0x1F223,5549,1}, {0x1F224,5550,1}, {0x1F225,5551,1}, {0x1F226,5552,1}, {0x1F227,5553,1}, {0x1F228,5554,
    1}, {0x1F229,5555,1}, {0x1F22A,5556,1}, {0x1F22B,5557,1}, {0x1F22C,5558,1}, {0x1F22D,5559,1}, {0x1F22E,5560,1}, {0x1F22F,5561,1}, {0x1F230,5562,1}, {0x1F231,5563,1}, {0x1F232,5564,1}, {0x1F233,
    5565,1}, {0x1F234,5566,1}, {0x1F235,5567,1}, {0x1F236,5568,1}, {0x1F237,5569,1}, {0x1F238,5570,1}, {0x1F239,5571,1}, {0x1F23A,5572,1}, {0x1F23B,5573,1}, {0x1F240,5574,3}, {0x1F241,5577,3},
    {0x1F242,5580,3}, {0x1F243,5583,3}, {0x1F244,5586,3}, {0x1F245,5589,3}, {0x1F246,5592,3}, {0x1F247,5595,3}, {0x1F248,5598,3}, {0x1F250,5601,1}, {0x1F251,5602,1}, {0x1FBF0,5603,1}, {0x1FBF1,5604,
    1}, {0x1FBF2,5605,1}, {0x1FBF3,5606,1}, {0x1FBF4,5607,1}, {0x1FBF5,5608,1}, {0x1FBF6,5609,1}, {0x1FBF7,5610,1}, {0x1FBF8,5611,1}, {0x1FBF9,5612,1}, };
static const unsigned int rk_un_compat_n = 3833;
static const unsigned int rk_un_compat_pool[] = { 0x20, 0x20, 0x308, 0x61, 0x20, 0x304, 0x32, 0x33, 0x20, 0x301, 0x3BC, 0x20, 0x327, 0x31, 0x6F, 0x31, 0x2044, 0x34, 0x31, 0x2044, 0x32, 0x33, 0x2044,
    0x34, 0x49, 0x4A, 0x69, 0x6A, 0x4C, 0xB7, 0x6C, 0xB7, 0x2BC, 0x6E, 0x73, 0x44, 0x17D, 0x44, 0x17E, 0x64, 0x17E, 0x4C, 0x4A, 0x4C, 0x6A, 0x6C, 0x6A, 0x4E, 0x4A, 0x4E, 0x6A, 0x6E, 0x6A, 0x44, 0x5A,
    0x44, 0x7A, 0x64, 0x7A, 0x68, 0x266, 0x6A, 0x72, 0x279, 0x27B, 0x281, 0x77, 0x79, 0x20, 0x306, 0x20, 0x307, 0x20, 0x30A, 0x20, 0x328, 0x20, 0x303, 0x20, 0x30B, 0x263, 0x6C, 0x73, 0x78, 0x295,
    0x20, 0x345, 0x20, 0x301, 0x3B2, 0x3B8, 0x3A5, 0x3C6, 0x3C0, 0x3BA, 0x3C1, 0x3C2, 0x398, 0x3B5, 0x3A3, 0x565, 0x582, 0x627, 0x674, 0x648, 0x674, 0x6C7, 0x674, 0x64A, 0x674, 0xE4D, 0xE32, 0xECD,
    0xEB2, 0xEAB, 0xE99, 0xEAB, 0xEA1, 0xF0B, 0xFB2, 0xF81, 0xFB3, 0xF81, 0x10DC, 0x41, 0xC6, 0x42, 0x44, 0x45, 0x18E, 0x47, 0x48, 0x49, 0x4A, 0x4B, 0x4C, 0x4D, 0x4E, 0x4F, 0x222, 0x50, 0x52, 0x54,
    0x55, 0x57, 0x61, 0x250, 0x251, 0x1D02, 0x62, 0x64, 0x65, 0x259, 0x25B, 0x25C, 0x67, 0x6B, 0x6D, 0x14B, 0x6F, 0x254, 0x1D16, 0x1D17, 0x70, 0x74, 0x75, 0x1D1D, 0x26F, 0x76, 0x1D25, 0x3B2, 0x3B3,
    0x3B4, 0x3C6, 0x3C7, 0x69, 0x72, 0x75, 0x76, 0x3B2, 0x3B3, 0x3C1, 0x3C6, 0x3C7, 0x43D, 0x252, 0x63, 0x255, 0xF0, 0x25C, 0x66, 0x25F, 0x261, 0x265, 0x268, 0x269, 0x26A, 0x1D7B, 0x29D, 0x26D,
    0x1D85, 0x29F, 0x271, 0x270, 0x272, 0x273, 0x274, 0x275, 0x278, 0x282, 0x283, 0x1AB, 0x289, 0x28A, 0x1D1C, 0x28B, 0x28C, 0x7A, 0x290, 0x291, 0x292, 0x3B8, 0x61, 0x2BE, 0x20, 0x313, 0x20, 0x313,
    0x20, 0x342, 0x20, 0x314, 0x20, 0x20, 0x20, 0x20, 0x20, 0x20, 0x20, 0x20, 0x20, 0x2010, 0x20, 0x333, 0x2E, 0x2E, 0x2E, 0x2E, 0x2E, 0x2E, 0x20, 0x2032, 0x2032, 0x2032, 0x2032, 0x2032, 0x2035,
    0x2035, 0x2035, 0x2035, 0x2035, 0x21, 0x21, 0x20, 0x305, 0x3F, 0x3F, 0x3F, 0x21, 0x21, 0x3F, 0x2032, 0x2032, 0x2032, 0x2032, 0x20, 0x30, 0x69, 0x34, 0x35, 0x36, 0x37, 0x38, 0x39, 0x2B, 0x2212,
    0x3D, 0x28, 0x29, 0x6E, 0x30, 0x31, 0x32, 0x33, 0x34, 0x35, 0x36, 0x37, 0x38, 0x39, 0x2B, 0x2212, 0x3D, 0x28, 0x29, 0x61, 0x65, 0x6F, 0x78, 0x259, 0x68, 0x6B, 0x6C, 0x6D, 0x6E, 0x70, 0x73, 0x74,
    0x52, 0x73, 0x61, 0x2F, 0x63, 0x61, 0x2F, 0x73, 0x43, 0xB0, 0x43, 0x63, 0x2F, 0x6F, 0x63, 0x2F, 0x75, 0x190, 0xB0, 0x46, 0x67, 0x48, 0x48, 0x48, 0x68, 0x127, 0x49, 0x49, 0x4C, 0x6C, 0x4E, 0x4E,
    0x6F, 0x50, 0x51, 0x52, 0x52, 0x52, 0x53, 0x4D, 0x54, 0x45, 0x4C, 0x54, 0x4D, 0x5A, 0x5A, 0x42, 0x43, 0x65, 0x45, 0x46, 0x4D, 0x6F, 0x5D0, 0x5D1, 0x5D2, 0x5D3, 0x69, 0x46, 0x41, 0x58, 0x3C0,
    0x3B3, 0x393, 0x3A0, 0x2211, 0x44, 0x64, 0x65, 0x69, 0x6A, 0x31, 0x2044, 0x37, 0x31, 0x2044, 0x39, 0x31, 0x2044, 0x31, 0x30, 0x31, 0x2044, 0x33, 0x32, 0x2044, 0x33, 0x31, 0x2044, 0x35, 0x32,
    0x2044, 0x35, 0x33, 0x2044, 0x35, 0x34, 0x2044, 0x35, 0x31, 0x2044, 0x36, 0x35, 0x2044, 0x36, 0x31, 0x2044, 0x38, 0x33, 0x2044, 0x38, 0x35, 0x2044, 0x38, 0x37, 0x2044, 0x38, 0x31, 0x2044, 0x49,
    0x49, 0x49, 0x49, 0x49, 0x49, 0x49, 0x56, 0x56, 0x56, 0x49, 0x56, 0x49, 0x49, 0x56, 0x49, 0x49, 0x49, 0x49, 0x58, 0x58, 0x58, 0x49, 0x58, 0x49, 0x49, 0x4C, 0x43, 0x44, 0x4D, 0x69, 0x69, 0x69,
    0x69, 0x69, 0x69, 0x69, 0x76, 0x76, 0x76, 0x69, 0x76, 0x69, 0x69, 0x76, 0x69, 0x69, 0x69, 0x69, 0x78, 0x78, 0x78, 0x69, 0x78, 0x69, 0x69, 0x6C, 0x63, 0x64, 0x6D, 0x30, 0x2044, 0x33, 0x222B,
    0x222B, 0x222B, 0x222B, 0x222B, 0x222E, 0x222E, 0x222E, 0x222E, 0x222E, 0x31, 0x32, 0x33, 0x34, 0x35, 0x36, 0x37, 0x38, 0x39, 0x31, 0x30, 0x31, 0x31, 0x31, 0x32, 0x31, 0x33, 0x31, 0x34, 0x31,
    0x35, 0x31, 0x36, 0x31, 0x37, 0x31, 0x38, 0x31, 0x39, 0x32, 0x30, 0x28, 0x31, 0x29, 0x28, 0x32, 0x29, 0x28, 0x33, 0x29, 0x28, 0x34, 0x29, 0x28, 0x35, 0x29, 0x28, 0x36, 0x29, 0x28, 0x37, 0x29,
    0x28, 0x38, 0x29, 0x28, 0x39, 0x29, 0x28, 0x31, 0x30, 0x29, 0x28, 0x31, 0x31, 0x29, 0x28, 0x31, 0x32, 0x29, 0x28, 0x31, 0x33, 0x29, 0x28, 0x31, 0x34, 0x29, 0x28, 0x31, 0x35, 0x29, 0x28, 0x31,
    0x36, 0x29, 0x28, 0x31, 0x37, 0x29, 0x28, 0x31, 0x38, 0x29, 0x28, 0x31, 0x39, 0x29, 0x28, 0x32, 0x30, 0x29, 0x31, 0x2E, 0x32, 0x2E, 0x33, 0x2E, 0x34, 0x2E, 0x35, 0x2E, 0x36, 0x2E, 0x37, 0x2E,
    0x38, 0x2E, 0x39, 0x2E, 0x31, 0x30, 0x2E, 0x31, 0x31, 0x2E, 0x31, 0x32, 0x2E, 0x31, 0x33, 0x2E, 0x31, 0x34, 0x2E, 0x31, 0x35, 0x2E, 0x31, 0x36, 0x2E, 0x31, 0x37, 0x2E, 0x31, 0x38, 0x2E, 0x31,
    0x39, 0x2E, 0x32, 0x30, 0x2E, 0x28, 0x61, 0x29, 0x28, 0x62, 0x29, 0x28, 0x63, 0x29, 0x28, 0x64, 0x29, 0x28, 0x65, 0x29, 0x28, 0x66, 0x29, 0x28, 0x67, 0x29, 0x28, 0x68, 0x29, 0x28, 0x69, 0x29,
    0x28, 0x6A, 0x29, 0x28, 0x6B, 0x29, 0x28, 0x6C, 0x29, 0x28, 0x6D, 0x29, 0x28, 0x6E, 0x29, 0x28, 0x6F, 0x29, 0x28, 0x70, 0x29, 0x28, 0x71, 0x29, 0x28, 0x72, 0x29, 0x28, 0x73, 0x29, 0x28, 0x74,
    0x29, 0x28, 0x75, 0x29, 0x28, 0x76, 0x29, 0x28, 0x77, 0x29, 0x28, 0x78, 0x29, 0x28, 0x79, 0x29, 0x28, 0x7A, 0x29, 0x41, 0x42, 0x43, 0x44, 0x45, 0x46, 0x47, 0x48, 0x49, 0x4A, 0x4B, 0x4C, 0x4D,
    0x4E, 0x4F, 0x50, 0x51, 0x52, 0x53, 0x54, 0x55, 0x56, 0x57, 0x58, 0x59, 0x5A, 0x61, 0x62, 0x63, 0x64, 0x65, 0x66, 0x67, 0x68, 0x69, 0x6A, 0x6B, 0x6C, 0x6D, 0x6E, 0x6F, 0x70, 0x71, 0x72, 0x73,
    0x74, 0x75, 0x76, 0x77, 0x78, 0x79, 0x7A, 0x30, 0x222B, 0x222B, 0x222B, 0x222B, 0x3A, 0x3A, 0x3D, 0x3D, 0x3D, 0x3D, 0x3D, 0x3D, 0x6A, 0x56, 0x2D61, 0x6BCD, 0x9F9F, 0x4E00, 0x4E28, 0x4E36, 0x4E3F,
    0x4E59, 0x4E85, 0x4E8C, 0x4EA0, 0x4EBA, 0x513F, 0x5165, 0x516B, 0x5182, 0x5196, 0x51AB, 0x51E0, 0x51F5, 0x5200, 0x529B, 0x52F9, 0x5315, 0x531A, 0x5338, 0x5341, 0x535C, 0x5369, 0x5382, 0x53B6,
    0x53C8, 0x53E3, 0x56D7, 0x571F, 0x58EB, 0x5902, 0x590A, 0x5915, 0x5927, 0x5973, 0x5B50, 0x5B80, 0x5BF8, 0x5C0F, 0x5C22, 0x5C38, 0x5C6E, 0x5C71, 0x5DDB, 0x5DE5, 0x5DF1, 0x5DFE, 0x5E72, 0x5E7A,
    0x5E7F, 0x5EF4, 0x5EFE, 0x5F0B, 0x5F13, 0x5F50, 0x5F61, 0x5F73, 0x5FC3, 0x6208, 0x6236, 0x624B, 0x652F, 0x6534, 0x6587, 0x6597, 0x65A4, 0x65B9, 0x65E0, 0x65E5, 0x66F0, 0x6708, 0x6728, 0x6B20,
    0x6B62, 0x6B79, 0x6BB3, 0x6BCB, 0x6BD4, 0x6BDB, 0x6C0F, 0x6C14, 0x6C34, 0x706B, 0x722A, 0x7236, 0x723B, 0x723F, 0x7247, 0x7259, 0x725B, 0x72AC, 0x7384, 0x7389, 0x74DC, 0x74E6, 0x7518, 0x751F,
    0x7528, 0x7530, 0x758B, 0x7592, 0x7676, 0x767D, 0x76AE, 0x76BF, 0x76EE, 0x77DB, 0x77E2, 0x77F3, 0x793A, 0x79B8, 0x79BE, 0x7A74, 0x7ACB, 0x7AF9, 0x7C73, 0x7CF8, 0x7F36, 0x7F51, 0x7F8A, 0x7FBD,
    0x8001, 0x800C, 0x8012, 0x8033, 0x807F, 0x8089, 0x81E3, 0x81EA, 0x81F3, 0x81FC, 0x820C, 0x821B, 0x821F, 0x826E, 0x8272, 0x8278, 0x864D, 0x866B, 0x8840, 0x884C, 0x8863, 0x897E, 0x898B, 0x89D2,
    0x8A00, 0x8C37, 0x8C46, 0x8C55, 0x8C78, 0x8C9D, 0x8D64, 0x8D70, 0x8DB3, 0x8EAB, 0x8ECA, 0x8F9B, 0x8FB0, 0x8FB5, 0x9091, 0x9149, 0x91C6, 0x91CC, 0x91D1, 0x9577, 0x9580, 0x961C, 0x96B6, 0x96B9,
    0x96E8, 0x9751, 0x975E, 0x9762, 0x9769, 0x97CB, 0x97ED, 0x97F3, 0x9801, 0x98A8, 0x98DB, 0x98DF, 0x9996, 0x9999, 0x99AC, 0x9AA8, 0x9AD8, 0x9ADF, 0x9B25, 0x9B2F, 0x9B32, 0x9B3C, 0x9B5A, 0x9CE5,
    0x9E75, 0x9E7F, 0x9EA5, 0x9EBB, 0x9EC3, 0x9ECD, 0x9ED1, 0x9EF9, 0x9EFD, 0x9F0E, 0x9F13, 0x9F20, 0x9F3B, 0x9F4A, 0x9F52, 0x9F8D, 0x9F9C, 0x9FA0, 0x20, 0x3012, 0x5341, 0x5344, 0x5345, 0x20, 0x3099,
    0x20, 0x309A, 0x3088, 0x308A, 0x30B3, 0x30C8, 0x1100, 0x1101, 0x11AA, 0x1102, 0x11AC, 0x11AD, 0x1103, 0x1104, 0x1105, 0x11B0, 0x11B1, 0x11B2, 0x11B3, 0x11B4, 0x11B5, 0x111A, 0x1106, 0x1107,
    0x1108, 0x1121, 0x1109, 0x110A, 0x110B, 0x110C, 0x110D, 0x110E, 0x110F, 0x1110, 0x1111, 0x1112, 0x1161, 0x1162, 0x1163, 0x1164, 0x1165, 0x1166, 0x1167, 0x1168, 0x1169, 0x116A, 0x116B, 0x116C,
    0x116D, 0x116E, 0x116F, 0x1170, 0x1171, 0x1172, 0x1173, 0x1174, 0x1175, 0x1160, 0x1114, 0x1115, 0x11C7, 0x11C8, 0x11CC, 0x11CE, 0x11D3, 0x11D7, 0x11D9, 0x111C, 0x11DD, 0x11DF, 0x111D, 0x111E,
    0x1120, 0x1122, 0x1123, 0x1127, 0x1129, 0x112B, 0x112C, 0x112D, 0x112E, 0x112F, 0x1132, 0x1136, 0x1140, 0x1147, 0x114C, 0x11F1, 0x11F2, 0x1157, 0x1158, 0x1159, 0x1184, 0x1185, 0x1188, 0x1191,
    0x1192, 0x1194, 0x119E, 0x11A1, 0x4E00, 0x4E8C, 0x4E09, 0x56DB, 0x4E0A, 0x4E2D, 0x4E0B, 0x7532, 0x4E59, 0x4E19, 0x4E01, 0x5929, 0x5730, 0x4EBA, 0x28, 0x1100, 0x29, 0x28, 0x1102, 0x29, 0x28,
    0x1103, 0x29, 0x28, 0x1105, 0x29, 0x28, 0x1106, 0x29, 0x28, 0x1107, 0x29, 0x28, 0x1109, 0x29, 0x28, 0x110B, 0x29, 0x28, 0x110C, 0x29, 0x28, 0x110E, 0x29, 0x28, 0x110F, 0x29, 0x28, 0x1110, 0x29,
    0x28, 0x1111, 0x29, 0x28, 0x1112, 0x29, 0x28, 0x1100, 0x1161, 0x29, 0x28, 0x1102, 0x1161, 0x29, 0x28, 0x1103, 0x1161, 0x29, 0x28, 0x1105, 0x1161, 0x29, 0x28, 0x1106, 0x1161, 0x29, 0x28, 0x1107,
    0x1161, 0x29, 0x28, 0x1109, 0x1161, 0x29, 0x28, 0x110B, 0x1161, 0x29, 0x28, 0x110C, 0x1161, 0x29, 0x28, 0x110E, 0x1161, 0x29, 0x28, 0x110F, 0x1161, 0x29, 0x28, 0x1110, 0x1161, 0x29, 0x28, 0x1111,
    0x1161, 0x29, 0x28, 0x1112, 0x1161, 0x29, 0x28, 0x110C, 0x116E, 0x29, 0x28, 0x110B, 0x1169, 0x110C, 0x1165, 0x11AB, 0x29, 0x28, 0x110B, 0x1169, 0x1112, 0x116E, 0x29, 0x28, 0x4E00, 0x29, 0x28,
    0x4E8C, 0x29, 0x28, 0x4E09, 0x29, 0x28, 0x56DB, 0x29, 0x28, 0x4E94, 0x29, 0x28, 0x516D, 0x29, 0x28, 0x4E03, 0x29, 0x28, 0x516B, 0x29, 0x28, 0x4E5D, 0x29, 0x28, 0x5341, 0x29, 0x28, 0x6708, 0x29,
    0x28, 0x706B, 0x29, 0x28, 0x6C34, 0x29, 0x28, 0x6728, 0x29, 0x28, 0x91D1, 0x29, 0x28, 0x571F, 0x29, 0x28, 0x65E5, 0x29, 0x28, 0x682A, 0x29, 0x28, 0x6709, 0x29, 0x28, 0x793E, 0x29, 0x28, 0x540D,
    0x29, 0x28, 0x7279, 0x29, 0x28, 0x8CA1, 0x29, 0x28, 0x795D, 0x29, 0x28, 0x52B4, 0x29, 0x28, 0x4EE3, 0x29, 0x28, 0x547C, 0x29, 0x28, 0x5B66, 0x29, 0x28, 0x76E3, 0x29, 0x28, 0x4F01, 0x29, 0x28,
    0x8CC7, 0x29, 0x28, 0x5354, 0x29, 0x28, 0x796D, 0x29, 0x28, 0x4F11, 0x29, 0x28, 0x81EA, 0x29, 0x28, 0x81F3, 0x29, 0x554F, 0x5E7C, 0x6587, 0x7B8F, 0x50, 0x54, 0x45, 0x32, 0x31, 0x32, 0x32, 0x32,
    0x33, 0x32, 0x34, 0x32, 0x35, 0x32, 0x36, 0x32, 0x37, 0x32, 0x38, 0x32, 0x39, 0x33, 0x30, 0x33, 0x31, 0x33, 0x32, 0x33, 0x33, 0x33, 0x34, 0x33, 0x35, 0x1100, 0x1102, 0x1103, 0x1105, 0x1106,
    0x1107, 0x1109, 0x110B, 0x110C, 0x110E, 0x110F, 0x1110, 0x1111, 0x1112, 0x1100, 0x1161, 0x1102, 0x1161, 0x1103, 0x1161, 0x1105, 0x1161, 0x1106, 0x1161, 0x1107, 0x1161, 0x1109, 0x1161, 0x110B,
    0x1161, 0x110C, 0x1161, 0x110E, 0x1161, 0x110F, 0x1161, 0x1110, 0x1161, 0x1111, 0x1161, 0x1112, 0x1161, 0x110E, 0x1161, 0x11B7, 0x1100, 0x1169, 0x110C, 0x116E, 0x110B, 0x1174, 0x110B, 0x116E,
    0x4E00, 0x4E8C, 0x4E09, 0x56DB, 0x4E94, 0x516D, 0x4E03, 0x516B, 0x4E5D, 0x5341, 0x6708, 0x706B, 0x6C34, 0x6728, 0x91D1, 0x571F, 0x65E5, 0x682A, 0x6709, 0x793E, 0x540D, 0x7279, 0x8CA1, 0x795D,
    0x52B4, 0x79D8, 0x7537, 0x5973, 0x9069, 0x512A, 0x5370, 0x6CE8, 0x9805, 0x4F11, 0x5199, 0x6B63, 0x4E0A, 0x4E2D, 0x4E0B, 0x5DE6, 0x53F3, 0x533B, 0x5B97, 0x5B66, 0x76E3, 0x4F01, 0x8CC7, 0x5354,
    0x591C, 0x33, 0x36, 0x33, 0x37, 0x33, 0x38, 0x33, 0x39, 0x34, 0x30, 0x34, 0x31, 0x34, 0x32, 0x34, 0x33, 0x34, 0x34, 0x34, 0x35, 0x34, 0x36, 0x34, 0x37, 0x34, 0x38, 0x34, 0x39, 0x35, 0x30, 0x31,
    0x6708, 0x32, 0x6708, 0x33, 0x6708, 0x34, 0x6708, 0x35, 0x6708, 0x36, 0x6708, 0x37, 0x6708, 0x38, 0x6708, 0x39, 0x6708, 0x31, 0x30, 0x6708, 0x31, 0x31, 0x6708, 0x31, 0x32, 0x6708, 0x48, 0x67,
    0x65, 0x72, 0x67, 0x65, 0x56, 0x4C, 0x54, 0x44, 0x30A2, 0x30A4, 0x30A6, 0x30A8, 0x30AA, 0x30AB, 0x30AD, 0x30AF, 0x30B1, 0x30B3, 0x30B5, 0x30B7, 0x30B9, 0x30BB, 0x30BD, 0x30BF, 0x30C1, 0x30C4,
    0x30C6, 0x30C8, 0x30CA, 0x30CB, 0x30CC, 0x30CD, 0x30CE, 0x30CF, 0x30D2, 0x30D5, 0x30D8, 0x30DB, 0x30DE, 0x30DF, 0x30E0, 0x30E1, 0x30E2, 0x30E4, 0x30E6, 0x30E8, 0x30E9, 0x30EA, 0x30EB, 0x30EC,
    0x30ED, 0x30EF, 0x30F0, 0x30F1, 0x30F2, 0x4EE4, 0x548C, 0x30A2, 0x30D1, 0x30FC, 0x30C8, 0x30A2, 0x30EB, 0x30D5, 0x30A1, 0x30A2, 0x30F3, 0x30DA, 0x30A2, 0x30A2, 0x30FC, 0x30EB, 0x30A4, 0x30CB,
    0x30F3, 0x30B0, 0x30A4, 0x30F3, 0x30C1, 0x30A6, 0x30A9, 0x30F3, 0x30A8, 0x30B9, 0x30AF, 0x30FC, 0x30C9, 0x30A8, 0x30FC, 0x30AB, 0x30FC, 0x30AA, 0x30F3, 0x30B9, 0x30AA, 0x30FC, 0x30E0, 0x30AB,
    0x30A4, 0x30EA, 0x30AB, 0x30E9, 0x30C3, 0x30C8, 0x30AB, 0x30ED, 0x30EA, 0x30FC, 0x30AC, 0x30ED, 0x30F3, 0x30AC, 0x30F3, 0x30DE, 0x30AE, 0x30AC, 0x30AE, 0x30CB, 0x30FC, 0x30AD, 0x30E5, 0x30EA,
    0x30FC, 0x30AE, 0x30EB, 0x30C0, 0x30FC, 0x30AD, 0x30ED, 0x30AD, 0x30ED, 0x30B0, 0x30E9, 0x30E0, 0x30AD, 0x30ED, 0x30E1, 0x30FC, 0x30C8, 0x30EB, 0x30AD, 0x30ED, 0x30EF, 0x30C3, 0x30C8, 0x30B0,
    0x30E9, 0x30E0, 0x30B0, 0x30E9, 0x30E0, 0x30C8, 0x30F3, 0x30AF, 0x30EB, 0x30BC, 0x30A4, 0x30ED, 0x30AF, 0x30ED, 0x30FC, 0x30CD, 0x30B1, 0x30FC, 0x30B9, 0x30B3, 0x30EB, 0x30CA, 0x30B3, 0x30FC,
    0x30DD, 0x30B5, 0x30A4, 0x30AF, 0x30EB, 0x30B5, 0x30F3, 0x30C1, 0x30FC, 0x30E0, 0x30B7, 0x30EA, 0x30F3, 0x30B0, 0x30BB, 0x30F3, 0x30C1, 0x30BB, 0x30F3, 0x30C8, 0x30C0, 0x30FC, 0x30B9, 0x30C7,
    0x30B7, 0x30C9, 0x30EB, 0x30C8, 0x30F3, 0x30CA, 0x30CE, 0x30CE, 0x30C3, 0x30C8, 0x30CF, 0x30A4, 0x30C4, 0x30D1, 0x30FC, 0x30BB, 0x30F3, 0x30C8, 0x30D1, 0x30FC, 0x30C4, 0x30D0, 0x30FC, 0x30EC,
    0x30EB, 0x30D4, 0x30A2, 0x30B9, 0x30C8, 0x30EB, 0x30D4, 0x30AF, 0x30EB, 0x30D4, 0x30B3, 0x30D3, 0x30EB, 0x30D5, 0x30A1, 0x30E9, 0x30C3, 0x30C9, 0x30D5, 0x30A3, 0x30FC, 0x30C8, 0x30D6, 0x30C3,
    0x30B7, 0x30A7, 0x30EB, 0x30D5, 0x30E9, 0x30F3, 0x30D8, 0x30AF, 0x30BF, 0x30FC, 0x30EB, 0x30DA, 0x30BD, 0x30DA, 0x30CB, 0x30D2, 0x30D8, 0x30EB, 0x30C4, 0x30DA, 0x30F3, 0x30B9, 0x30DA, 0x30FC,
    0x30B8, 0x30D9, 0x30FC, 0x30BF, 0x30DD, 0x30A4, 0x30F3, 0x30C8, 0x30DC, 0x30EB, 0x30C8, 0x30DB, 0x30F3, 0x30DD, 0x30F3, 0x30C9, 0x30DB, 0x30FC, 0x30EB, 0x30DB, 0x30FC, 0x30F3, 0x30DE, 0x30A4,
    0x30AF, 0x30ED, 0x30DE, 0x30A4, 0x30EB, 0x30DE, 0x30C3, 0x30CF, 0x30DE, 0x30EB, 0x30AF, 0x30DE, 0x30F3, 0x30B7, 0x30E7, 0x30F3, 0x30DF, 0x30AF, 0x30ED, 0x30F3, 0x30DF, 0x30EA, 0x30DF, 0x30EA,
    0x30D0, 0x30FC, 0x30EB, 0x30E1, 0x30AC, 0x30E1, 0x30AC, 0x30C8, 0x30F3, 0x30E1, 0x30FC, 0x30C8, 0x30EB, 0x30E4, 0x30FC, 0x30C9, 0x30E4, 0x30FC, 0x30EB, 0x30E6, 0x30A2, 0x30F3, 0x30EA, 0x30C3,
    0x30C8, 0x30EB, 0x30EA, 0x30E9, 0x30EB, 0x30D4, 0x30FC, 0x30EB, 0x30FC, 0x30D6, 0x30EB, 0x30EC, 0x30E0, 0x30EC, 0x30F3, 0x30C8, 0x30B2, 0x30F3, 0x30EF, 0x30C3, 0x30C8, 0x30, 0x70B9, 0x31, 0x70B9,
    0x32, 0x70B9, 0x33, 0x70B9, 0x34, 0x70B9, 0x35, 0x70B9, 0x36, 0x70B9, 0x37, 0x70B9, 0x38, 0x70B9, 0x39, 0x70B9, 0x31, 0x30, 0x70B9, 0x31, 0x31, 0x70B9, 0x31, 0x32, 0x70B9, 0x31, 0x33, 0x70B9,
    0x31, 0x34, 0x70B9, 0x31, 0x35, 0x70B9, 0x31, 0x36, 0x70B9, 0x31, 0x37, 0x70B9, 0x31, 0x38, 0x70B9, 0x31, 0x39, 0x70B9, 0x32, 0x30, 0x70B9, 0x32, 0x31, 0x70B9, 0x32, 0x32, 0x70B9, 0x32, 0x33,
    0x70B9, 0x32, 0x34, 0x70B9, 0x68, 0x50, 0x61, 0x64, 0x61, 0x41, 0x55, 0x62, 0x61, 0x72, 0x6F, 0x56, 0x70, 0x63, 0x64, 0x6D, 0x64, 0x6D, 0xB2, 0x64, 0x6D, 0xB3, 0x49, 0x55, 0x5E73, 0x6210, 0x662D,
    0x548C, 0x5927, 0x6B63, 0x660E, 0x6CBB, 0x682A, 0x5F0F, 0x4F1A, 0x793E, 0x70, 0x41, 0x6E, 0x41, 0x3BC, 0x41, 0x6D, 0x41, 0x6B, 0x41, 0x4B, 0x42, 0x4D, 0x42, 0x47, 0x42, 0x63, 0x61, 0x6C, 0x6B,
    0x63, 0x61, 0x6C, 0x70, 0x46, 0x6E, 0x46, 0x3BC, 0x46, 0x3BC, 0x67, 0x6D, 0x67, 0x6B, 0x67, 0x48, 0x7A, 0x6B, 0x48, 0x7A, 0x4D, 0x48, 0x7A, 0x47, 0x48, 0x7A, 0x54, 0x48, 0x7A, 0x3BC, 0x2113, 0x6D,
    0x2113, 0x64, 0x2113, 0x6B, 0x2113, 0x66, 0x6D, 0x6E, 0x6D, 0x3BC, 0x6D, 0x6D, 0x6D, 0x63, 0x6D, 0x6B, 0x6D, 0x6D, 0x6D, 0xB2, 0x63, 0x6D, 0xB2, 0x6D, 0xB2, 0x6B, 0x6D, 0xB2, 0x6D, 0x6D, 0xB3,
    0x63, 0x6D, 0xB3, 0x6D, 0xB3, 0x6B, 0x6D, 0xB3, 0x6D, 0x2215, 0x73, 0x6D, 0x2215, 0x73, 0xB2, 0x50, 0x61, 0x6B, 0x50, 0x61, 0x4D, 0x50, 0x61, 0x47, 0x50, 0x61, 0x72, 0x61, 0x64, 0x72, 0x61, 0x64,
    0x2215, 0x73, 0x72, 0x61, 0x64, 0x2215, 0x73, 0xB2, 0x70, 0x73, 0x6E, 0x73, 0x3BC, 0x73, 0x6D, 0x73, 0x70, 0x56, 0x6E, 0x56, 0x3BC, 0x56, 0x6D, 0x56, 0x6B, 0x56, 0x4D, 0x56, 0x70, 0x57, 0x6E,
    0x57, 0x3BC, 0x57, 0x6D, 0x57, 0x6B, 0x57, 0x4D, 0x57, 0x6B, 0x3A9, 0x4D, 0x3A9, 0x61, 0x2E, 0x6D, 0x2E, 0x42, 0x71, 0x63, 0x63, 0x63, 0x64, 0x43, 0x2215, 0x6B, 0x67, 0x43, 0x6F, 0x2E, 0x64, 0x42,
    0x47, 0x79, 0x68, 0x61, 0x48, 0x50, 0x69, 0x6E, 0x4B, 0x4B, 0x4B, 0x4D, 0x6B, 0x74, 0x6C, 0x6D, 0x6C, 0x6E, 0x6C, 0x6F, 0x67, 0x6C, 0x78, 0x6D, 0x62, 0x6D, 0x69, 0x6C, 0x6D, 0x6F, 0x6C, 0x50,
    0x48, 0x70, 0x2E, 0x6D, 0x2E, 0x50, 0x50, 0x4D, 0x50, 0x52, 0x73, 0x72, 0x53, 0x76, 0x57, 0x62, 0x56, 0x2215, 0x6D, 0x41, 0x2215, 0x6D, 0x31, 0x65E5, 0x32, 0x65E5, 0x33, 0x65E5, 0x34, 0x65E5,
    0x35, 0x65E5, 0x36, 0x65E5, 0x37, 0x65E5, 0x38, 0x65E5, 0x39, 0x65E5, 0x31, 0x30, 0x65E5, 0x31, 0x31, 0x65E5, 0x31, 0x32, 0x65E5, 0x31, 0x33, 0x65E5, 0x31, 0x34, 0x65E5, 0x31, 0x35, 0x65E5, 0x31,
    0x36, 0x65E5, 0x31, 0x37, 0x65E5, 0x31, 0x38, 0x65E5, 0x31, 0x39, 0x65E5, 0x32, 0x30, 0x65E5, 0x32, 0x31, 0x65E5, 0x32, 0x32, 0x65E5, 0x32, 0x33, 0x65E5, 0x32, 0x34, 0x65E5, 0x32, 0x35, 0x65E5,
    0x32, 0x36, 0x65E5, 0x32, 0x37, 0x65E5, 0x32, 0x38, 0x65E5, 0x32, 0x39, 0x65E5, 0x33, 0x30, 0x65E5, 0x33, 0x31, 0x65E5, 0x67, 0x61, 0x6C, 0x44A, 0x44C, 0xA76F, 0x53, 0x43, 0x46, 0x51, 0x126,
    0x153, 0xA727, 0xAB37, 0x26B, 0xAB52, 0x28D, 0x66, 0x66, 0x66, 0x69, 0x66, 0x6C, 0x66, 0x66, 0x69, 0x66, 0x66, 0x6C, 0x17F, 0x74, 0x73, 0x74, 0x574, 0x576, 0x574, 0x565, 0x574, 0x56B, 0x57E,
    0x576, 0x574, 0x56D, 0x5E2, 0x5D0, 0x5D3, 0x5D4, 0x5DB, 0x5DC, 0x5DD, 0x5E8, 0x5EA, 0x2B, 0x5D0, 0x5DC, 0x671, 0x671, 0x67B, 0x67B, 0x67B, 0x67B, 0x67E, 0x67E, 0x67E, 0x67E, 0x680, 0x680, 0x680,
    0x680, 0x67A, 0x67A, 0x67A, 0x67A, 0x67F, 0x67F, 0x67F, 0x67F, 0x679, 0x679, 0x679, 0x679, 0x6A4, 0x6A4, 0x6A4, 0x6A4, 0x6A6, 0x6A6, 0x6A6, 0x6A6, 0x684, 0x684, 0x684, 0x684, 0x683, 0x683, 0x683,
    0x683, 0x686, 0x686, 0x686, 0x686, 0x687, 0x687, 0x687, 0x687, 0x68D, 0x68D, 0x68C, 0x68C, 0x68E, 0x68E, 0x688, 0x688, 0x698, 0x698, 0x691, 0x691, 0x6A9, 0x6A9, 0x6A9, 0x6A9, 0x6AF, 0x6AF, 0x6AF,
    0x6AF, 0x6B3, 0x6B3, 0x6B3, 0x6B3, 0x6B1, 0x6B1, 0x6B1, 0x6B1, 0x6BA, 0x6BA, 0x6BB, 0x6BB, 0x6BB, 0x6BB, 0x6C0, 0x6C0, 0x6C1, 0x6C1, 0x6C1, 0x6C1, 0x6BE, 0x6BE, 0x6BE, 0x6BE, 0x6D2, 0x6D2, 0x6D3,
    0x6D3, 0x6AD, 0x6AD, 0x6AD, 0x6AD, 0x6C7, 0x6C7, 0x6C6, 0x6C6, 0x6C8, 0x6C8, 0x677, 0x6CB, 0x6CB, 0x6C5, 0x6C5, 0x6C9, 0x6C9, 0x6D0, 0x6D0, 0x6D0, 0x6D0, 0x649, 0x649, 0x626, 0x627, 0x626, 0x627,
    0x626, 0x6D5, 0x626, 0x6D5, 0x626, 0x648, 0x626, 0x648, 0x626, 0x6C7, 0x626, 0x6C7, 0x626, 0x6C6, 0x626, 0x6C6, 0x626, 0x6C8, 0x626, 0x6C8, 0x626, 0x6D0, 0x626, 0x6D0, 0x626, 0x6D0, 0x626, 0x649,
    0x626, 0x649, 0x626, 0x649, 0x6CC, 0x6CC, 0x6CC, 0x6CC, 0x626, 0x62C, 0x626, 0x62D, 0x626, 0x645, 0x626, 0x649, 0x626, 0x64A, 0x628, 0x62C, 0x628, 0x62D, 0x628, 0x62E, 0x628, 0x645, 0x628, 0x649,
    0x628, 0x64A, 0x62A, 0x62C, 0x62A, 0x62D, 0x62A, 0x62E, 0x62A, 0x645, 0x62A, 0x649, 0x62A, 0x64A, 0x62B, 0x62C, 0x62B, 0x645, 0x62B, 0x649, 0x62B, 0x64A, 0x62C, 0x62D, 0x62C, 0x645, 0x62D, 0x62C,
    0x62D, 0x645, 0x62E, 0x62C, 0x62E, 0x62D, 0x62E, 0x645, 0x633, 0x62C, 0x633, 0x62D, 0x633, 0x62E, 0x633, 0x645, 0x635, 0x62D, 0x635, 0x645, 0x636, 0x62C, 0x636, 0x62D, 0x636, 0x62E, 0x636, 0x645,
    0x637, 0x62D, 0x637, 0x645, 0x638, 0x645, 0x639, 0x62C, 0x639, 0x645, 0x63A, 0x62C, 0x63A, 0x645, 0x641, 0x62C, 0x641, 0x62D, 0x641, 0x62E, 0x641, 0x645, 0x641, 0x649, 0x641, 0x64A, 0x642, 0x62D,
    0x642, 0x645, 0x642, 0x649, 0x642, 0x64A, 0x643, 0x627, 0x643, 0x62C, 0x643, 0x62D, 0x643, 0x62E, 0x643, 0x644, 0x643, 0x645, 0x643, 0x649, 0x643, 0x64A, 0x644, 0x62C, 0x644, 0x62D, 0x644, 0x62E,
    0x644, 0x645, 0x644, 0x649, 0x644, 0x64A, 0x645, 0x62C, 0x645, 0x62D, 0x645, 0x62E, 0x645, 0x645, 0x645, 0x649, 0x645, 0x64A, 0x646, 0x62C, 0x646, 0x62D, 0x646, 0x62E, 0x646, 0x645, 0x646, 0x649,
    0x646, 0x64A, 0x647, 0x62C, 0x647, 0x645, 0x647, 0x649, 0x647, 0x64A, 0x64A, 0x62C, 0x64A, 0x62D, 0x64A, 0x62E, 0x64A, 0x645, 0x64A, 0x649, 0x64A, 0x64A, 0x630, 0x670, 0x631, 0x670, 0x649, 0x670,
    0x20, 0x64C, 0x651, 0x20, 0x64D, 0x651, 0x20, 0x64E, 0x651, 0x20, 0x64F, 0x651, 0x20, 0x650, 0x651, 0x20, 0x651, 0x670, 0x626, 0x631, 0x626, 0x632, 0x626, 0x645, 0x626, 0x646, 0x626, 0x649, 0x626,
    0x64A, 0x628, 0x631, 0x628, 0x632, 0x628, 0x645, 0x628, 0x646, 0x628, 0x649, 0x628, 0x64A, 0x62A, 0x631, 0x62A, 0x632, 0x62A, 0x645, 0x62A, 0x646, 0x62A, 0x649, 0x62A, 0x64A, 0x62B, 0x631, 0x62B,
    0x632, 0x62B, 0x645, 0x62B, 0x646, 0x62B, 0x649, 0x62B, 0x64A, 0x641, 0x649, 0x641, 0x64A, 0x642, 0x649, 0x642, 0x64A, 0x643, 0x627, 0x643, 0x644, 0x643, 0x645, 0x643, 0x649, 0x643, 0x64A, 0x644,
    0x645, 0x644, 0x649, 0x644, 0x64A, 0x645, 0x627, 0x645, 0x645, 0x646, 0x631, 0x646, 0x632, 0x646, 0x645, 0x646, 0x646, 0x646, 0x649, 0x646, 0x64A, 0x649, 0x670, 0x64A, 0x631, 0x64A, 0x632, 0x64A,
    0x645, 0x64A, 0x646, 0x64A, 0x649, 0x64A, 0x64A, 0x626, 0x62C, 0x626, 0x62D, 0x626, 0x62E, 0x626, 0x645, 0x626, 0x647, 0x628, 0x62C, 0x628, 0x62D, 0x628, 0x62E, 0x628, 0x645, 0x628, 0x647, 0x62A,
    0x62C, 0x62A, 0x62D, 0x62A, 0x62E, 0x62A, 0x645, 0x62A, 0x647, 0x62B, 0x645, 0x62C, 0x62D, 0x62C, 0x645, 0x62D, 0x62C, 0x62D, 0x645, 0x62E, 0x62C, 0x62E, 0x645, 0x633, 0x62C, 0x633, 0x62D, 0x633,
    0x62E, 0x633, 0x645, 0x635, 0x62D, 0x635, 0x62E, 0x635, 0x645, 0x636, 0x62C, 0x636, 0x62D, 0x636, 0x62E, 0x636, 0x645, 0x637, 0x62D, 0x638, 0x645, 0x639, 0x62C, 0x639, 0x645, 0x63A, 0x62C, 0x63A,
    0x645, 0x641, 0x62C, 0x641, 0x62D, 0x641, 0x62E, 0x641, 0x645, 0x642, 0x62D, 0x642, 0x645, 0x643, 0x62C, 0x643, 0x62D, 0x643, 0x62E, 0x643, 0x644, 0x643, 0x645, 0x644, 0x62C, 0x644, 0x62D, 0x644,
    0x62E, 0x644, 0x645, 0x644, 0x647, 0x645, 0x62C, 0x645, 0x62D, 0x645, 0x62E, 0x645, 0x645, 0x646, 0x62C, 0x646, 0x62D, 0x646, 0x62E, 0x646, 0x645, 0x646, 0x647, 0x647, 0x62C, 0x647, 0x645, 0x647,
    0x670, 0x64A, 0x62C, 0x64A, 0x62D, 0x64A, 0x62E, 0x64A, 0x645, 0x64A, 0x647, 0x626, 0x645, 0x626, 0x647, 0x628, 0x645, 0x628, 0x647, 0x62A, 0x645, 0x62A, 0x647, 0x62B, 0x645, 0x62B, 0x647, 0x633,
    0x645, 0x633, 0x647, 0x634, 0x645, 0x634, 0x647, 0x643, 0x644, 0x643, 0x645, 0x644, 0x645, 0x646, 0x645, 0x646, 0x647, 0x64A, 0x645, 0x64A, 0x647, 0x640, 0x64E, 0x651, 0x640, 0x64F, 0x651, 0x640,
    0x650, 0x651, 0x637, 0x649, 0x637, 0x64A, 0x639, 0x649, 0x639, 0x64A, 0x63A, 0x649, 0x63A, 0x64A, 0x633, 0x649, 0x633, 0x64A, 0x634, 0x649, 0x634, 0x64A, 0x62D, 0x649, 0x62D, 0x64A, 0x62C, 0x649,
    0x62C, 0x64A, 0x62E, 0x649, 0x62E, 0x64A, 0x635, 0x649, 0x635, 0x64A, 0x636, 0x649, 0x636, 0x64A, 0x634, 0x62C, 0x634, 0x62D, 0x634, 0x62E, 0x634, 0x645, 0x634, 0x631, 0x633, 0x631, 0x635, 0x631,
    0x636, 0x631, 0x637, 0x649, 0x637, 0x64A, 0x639, 0x649, 0x639, 0x64A, 0x63A, 0x649, 0x63A, 0x64A, 0x633, 0x649, 0x633, 0x64A, 0x634, 0x649, 0x634, 0x64A, 0x62D, 0x649, 0x62D, 0x64A, 0x62C, 0x649,
    0x62C, 0x64A, 0x62E, 0x649, 0x62E, 0x64A, 0x635, 0x649, 0x635, 0x64A, 0x636, 0x649, 0x636, 0x64A, 0x634, 0x62C, 0x634, 0x62D, 0x634, 0x62E, 0x634, 0x645, 0x634, 0x631, 0x633, 0x631, 0x635, 0x631,
    0x636, 0x631, 0x634, 0x62C, 0x634, 0x62D, 0x634, 0x62E, 0x634, 0x645, 0x633, 0x647, 0x634, 0x647, 0x637, 0x645, 0x633, 0x62C, 0x633, 0x62D, 0x633, 0x62E, 0x634, 0x62C, 0x634, 0x62D, 0x634, 0x62E,
    0x637, 0x645, 0x638, 0x645, 0x627, 0x64B, 0x627, 0x64B, 0x62A, 0x62C, 0x645, 0x62A, 0x62D, 0x62C, 0x62A, 0x62D, 0x62C, 0x62A, 0x62D, 0x645, 0x62A, 0x62E, 0x645, 0x62A, 0x645, 0x62C, 0x62A, 0x645,
    0x62D, 0x62A, 0x645, 0x62E, 0x62C, 0x645, 0x62D, 0x62C, 0x645, 0x62D, 0x62D, 0x645, 0x64A, 0x62D, 0x645, 0x649, 0x633, 0x62D, 0x62C, 0x633, 0x62C, 0x62D, 0x633, 0x62C, 0x649, 0x633, 0x645, 0x62D,
    0x633, 0x645, 0x62D, 0x633, 0x645, 0x62C, 0x633, 0x645, 0x645, 0x633, 0x645, 0x645, 0x635, 0x62D, 0x62D, 0x635, 0x62D, 0x62D, 0x635, 0x645, 0x645, 0x634, 0x62D, 0x645, 0x634, 0x62D, 0x645, 0x634,
    0x62C, 0x64A, 0x634, 0x645, 0x62E, 0x634, 0x645, 0x62E, 0x634, 0x645, 0x645, 0x634, 0x645, 0x645, 0x636, 0x62D, 0x649, 0x636, 0x62E, 0x645, 0x636, 0x62E, 0x645, 0x637, 0x645, 0x62D, 0x637, 0x645,
    0x62D, 0x637, 0x645, 0x645, 0x637, 0x645, 0x64A, 0x639, 0x62C, 0x645, 0x639, 0x645, 0x645, 0x639, 0x645, 0x645, 0x639, 0x645, 0x649, 0x63A, 0x645, 0x645, 0x63A, 0x645, 0x64A, 0x63A, 0x645, 0x649,
    0x641, 0x62E, 0x645, 0x641, 0x62E, 0x645, 0x642, 0x645, 0x62D, 0x642, 0x645, 0x645, 0x644, 0x62D, 0x645, 0x644, 0x62D, 0x64A, 0x644, 0x62D, 0x649, 0x644, 0x62C, 0x62C, 0x644, 0x62C, 0x62C, 0x644,
    0x62E, 0x645, 0x644, 0x62E, 0x645, 0x644, 0x645, 0x62D, 0x644, 0x645, 0x62D, 0x645, 0x62D, 0x62C, 0x645, 0x62D, 0x645, 0x645, 0x62D, 0x64A, 0x645, 0x62C, 0x62D, 0x645, 0x62C, 0x645, 0x645, 0x62E,
    0x62C, 0x645, 0x62E, 0x645, 0x645, 0x62C, 0x62E, 0x647, 0x645, 0x62C, 0x647, 0x645, 0x645, 0x646, 0x62D, 0x645, 0x646, 0x62D, 0x649, 0x646, 0x62C, 0x645, 0x646, 0x62C, 0x645, 0x646, 0x62C, 0x649,
    0x646, 0x645, 0x64A, 0x646, 0x645, 0x649, 0x64A, 0x645, 0x645, 0x64A, 0x645, 0x645, 0x628, 0x62E, 0x64A, 0x62A, 0x62C, 0x64A, 0x62A, 0x62C, 0x649, 0x62A, 0x62E, 0x64A, 0x62A, 0x62E, 0x649, 0x62A,
    0x645, 0x64A, 0x62A, 0x645, 0x649, 0x62C, 0x645, 0x64A, 0x62C, 0x62D, 0x649, 0x62C, 0x645, 0x649, 0x633, 0x62E, 0x649, 0x635, 0x62D, 0x64A, 0x634, 0x62D, 0x64A, 0x636, 0x62D, 0x64A, 0x644, 0x62C,
    0x64A, 0x644, 0x645, 0x64A, 0x64A, 0x62D, 0x64A, 0x64A, 0x62C, 0x64A, 0x64A, 0x645, 0x64A, 0x645, 0x645, 0x64A, 0x642, 0x645, 0x64A, 0x646, 0x62D, 0x64A, 0x642, 0x645, 0x62D, 0x644, 0x62D, 0x645,
    0x639, 0x645, 0x64A, 0x643, 0x645, 0x64A, 0x646, 0x62C, 0x62D, 0x645, 0x62E, 0x64A, 0x644, 0x62C, 0x645, 0x643, 0x645, 0x645, 0x644, 0x62C, 0x645, 0x646, 0x62C, 0x62D, 0x62C, 0x62D, 0x64A, 0x62D,
    0x62C, 0x64A, 0x645, 0x62C, 0x64A, 0x641, 0x645, 0x64A, 0x628, 0x62D, 0x64A, 0x643, 0x645, 0x645, 0x639, 0x62C, 0x645, 0x635, 0x645, 0x645, 0x633, 0x62E, 0x64A, 0x646, 0x62C, 0x64A, 0x635, 0x644,
    0x6D2, 0x642, 0x644, 0x6D2, 0x627, 0x644, 0x644, 0x647, 0x627, 0x643, 0x628, 0x631, 0x645, 0x62D, 0x645, 0x62F, 0x635, 0x644, 0x639, 0x645, 0x631, 0x633, 0x648, 0x644, 0x639, 0x644, 0x64A, 0x647,
    0x648, 0x633, 0x644, 0x645, 0x635, 0x644, 0x649, 0x635, 0x644, 0x649, 0x20, 0x627, 0x644, 0x644, 0x647, 0x20, 0x639, 0x644, 0x64A, 0x647, 0x20, 0x648, 0x633, 0x644, 0x645, 0x62C, 0x644, 0x20,
    0x62C, 0x644, 0x627, 0x644, 0x647, 0x631, 0x6CC, 0x627, 0x644, 0x2C, 0x3001, 0x3002, 0x3A, 0x3B, 0x21, 0x3F, 0x3016, 0x3017, 0x2026, 0x2025, 0x2014, 0x2013, 0x5F, 0x5F, 0x28, 0x29, 0x7B, 0x7D,
    0x3014, 0x3015, 0x3010, 0x3011, 0x300A, 0x300B, 0x3008, 0x3009, 0x300C, 0x300D, 0x300E, 0x300F, 0x5B, 0x5D, 0x203E, 0x203E, 0x203E, 0x203E, 0x5F, 0x5F, 0x5F, 0x2C, 0x3001, 0x2E, 0x3B, 0x3A, 0x3F,
    0x21, 0x2014, 0x28, 0x29, 0x7B, 0x7D, 0x3014, 0x3015, 0x23, 0x26, 0x2A, 0x2B, 0x2D, 0x3C, 0x3E, 0x3D, 0x5C, 0x24, 0x25, 0x40, 0x20, 0x64B, 0x640, 0x64B, 0x20, 0x64C, 0x20, 0x64D, 0x20, 0x64E,
    0x640, 0x64E, 0x20, 0x64F, 0x640, 0x64F, 0x20, 0x650, 0x640, 0x650, 0x20, 0x651, 0x640, 0x651, 0x20, 0x652, 0x640, 0x652, 0x621, 0x622, 0x622, 0x623, 0x623, 0x624, 0x624, 0x625, 0x625, 0x626,
    0x626, 0x626, 0x626, 0x627, 0x627, 0x628, 0x628, 0x628, 0x628, 0x629, 0x629, 0x62A, 0x62A, 0x62A, 0x62A, 0x62B, 0x62B, 0x62B, 0x62B, 0x62C, 0x62C, 0x62C, 0x62C, 0x62D, 0x62D, 0x62D, 0x62D, 0x62E,
    0x62E, 0x62E, 0x62E, 0x62F, 0x62F, 0x630, 0x630, 0x631, 0x631, 0x632, 0x632, 0x633, 0x633, 0x633, 0x633, 0x634, 0x634, 0x634, 0x634, 0x635, 0x635, 0x635, 0x635, 0x636, 0x636, 0x636, 0x636, 0x637,
    0x637, 0x637, 0x637, 0x638, 0x638, 0x638, 0x638, 0x639, 0x639, 0x639, 0x639, 0x63A, 0x63A, 0x63A, 0x63A, 0x641, 0x641, 0x641, 0x641, 0x642, 0x642, 0x642, 0x642, 0x643, 0x643, 0x643, 0x643, 0x644,
    0x644, 0x644, 0x644, 0x645, 0x645, 0x645, 0x645, 0x646, 0x646, 0x646, 0x646, 0x647, 0x647, 0x647, 0x647, 0x648, 0x648, 0x649, 0x649, 0x64A, 0x64A, 0x64A, 0x64A, 0x644, 0x622, 0x644, 0x622, 0x644,
    0x623, 0x644, 0x623, 0x644, 0x625, 0x644, 0x625, 0x644, 0x627, 0x644, 0x627, 0x21, 0x22, 0x23, 0x24, 0x25, 0x26, 0x27, 0x28, 0x29, 0x2A, 0x2B, 0x2C, 0x2D, 0x2E, 0x2F, 0x30, 0x31, 0x32, 0x33, 0x34,
    0x35, 0x36, 0x37, 0x38, 0x39, 0x3A, 0x3B, 0x3C, 0x3D, 0x3E, 0x3F, 0x40, 0x41, 0x42, 0x43, 0x44, 0x45, 0x46, 0x47, 0x48, 0x49, 0x4A, 0x4B, 0x4C, 0x4D, 0x4E, 0x4F, 0x50, 0x51, 0x52, 0x53, 0x54,
    0x55, 0x56, 0x57, 0x58, 0x59, 0x5A, 0x5B, 0x5C, 0x5D, 0x5E, 0x5F, 0x60, 0x61, 0x62, 0x63, 0x64, 0x65, 0x66, 0x67, 0x68, 0x69, 0x6A, 0x6B, 0x6C, 0x6D, 0x6E, 0x6F, 0x70, 0x71, 0x72, 0x73, 0x74,
    0x75, 0x76, 0x77, 0x78, 0x79, 0x7A, 0x7B, 0x7C, 0x7D, 0x7E, 0x2985, 0x2986, 0x3002, 0x300C, 0x300D, 0x3001, 0x30FB, 0x30F2, 0x30A1, 0x30A3, 0x30A5, 0x30A7, 0x30A9, 0x30E3, 0x30E5, 0x30E7, 0x30C3,
    0x30FC, 0x30A2, 0x30A4, 0x30A6, 0x30A8, 0x30AA, 0x30AB, 0x30AD, 0x30AF, 0x30B1, 0x30B3, 0x30B5, 0x30B7, 0x30B9, 0x30BB, 0x30BD, 0x30BF, 0x30C1, 0x30C4, 0x30C6, 0x30C8, 0x30CA, 0x30CB, 0x30CC,
    0x30CD, 0x30CE, 0x30CF, 0x30D2, 0x30D5, 0x30D8, 0x30DB, 0x30DE, 0x30DF, 0x30E0, 0x30E1, 0x30E2, 0x30E4, 0x30E6, 0x30E8, 0x30E9, 0x30EA, 0x30EB, 0x30EC, 0x30ED, 0x30EF, 0x30F3, 0x3099, 0x309A,
    0x3164, 0x3131, 0x3132, 0x3133, 0x3134, 0x3135, 0x3136, 0x3137, 0x3138, 0x3139, 0x313A, 0x313B, 0x313C, 0x313D, 0x313E, 0x313F, 0x3140, 0x3141, 0x3142, 0x3143, 0x3144, 0x3145, 0x3146, 0x3147,
    0x3148, 0x3149, 0x314A, 0x314B, 0x314C, 0x314D, 0x314E, 0x314F, 0x3150, 0x3151, 0x3152, 0x3153, 0x3154, 0x3155, 0x3156, 0x3157, 0x3158, 0x3159, 0x315A, 0x315B, 0x315C, 0x315D, 0x315E, 0x315F,
    0x3160, 0x3161, 0x3162, 0x3163, 0xA2, 0xA3, 0xAC, 0xAF, 0xA6, 0xA5, 0x20A9, 0x2502, 0x2190, 0x2191, 0x2192, 0x2193, 0x25A0, 0x25CB, 0x2D0, 0x2D1, 0xE6, 0x299, 0x253, 0x2A3, 0xAB66, 0x2A5, 0x2A4,
    0x256, 0x257, 0x1D91, 0x258, 0x25E, 0x2A9, 0x264, 0x262, 0x260, 0x29B, 0x127, 0x29C, 0x267, 0x284, 0x2AA, 0x2AB, 0x26C, 0x1DF04, 0xA78E, 0x26E, 0x1DF05, 0x28E, 0x1DF06, 0xF8, 0x276, 0x277, 0x71,
    0x27A, 0x1DF08, 0x27D, 0x27E, 0x280, 0x2A8, 0x2A6, 0xAB67, 0x2A7, 0x288, 0x2C71, 0x28F, 0x2A1, 0x2A2, 0x298, 0x1C0, 0x1C1, 0x1C2, 0x1DF0A, 0x1DF1E, 0x41, 0x42, 0x43, 0x44, 0x45, 0x46, 0x47, 0x48,
    0x49, 0x4A, 0x4B, 0x4C, 0x4D, 0x4E, 0x4F, 0x50, 0x51, 0x52, 0x53, 0x54, 0x55, 0x56, 0x57, 0x58, 0x59, 0x5A, 0x30, 0x31, 0x32, 0x33, 0x34, 0x35, 0x36, 0x37, 0x38, 0x39, 0x41, 0x42, 0x43, 0x44,
    0x45, 0x46, 0x47, 0x48, 0x49, 0x4A, 0x4B, 0x4C, 0x4D, 0x4E, 0x4F, 0x50, 0x51, 0x52, 0x53, 0x54, 0x55, 0x56, 0x57, 0x58, 0x59, 0x5A, 0x61, 0x62, 0x63, 0x64, 0x65, 0x66, 0x67, 0x68, 0x69, 0x6A,
    0x6B, 0x6C, 0x6D, 0x6E, 0x6F, 0x70, 0x71, 0x72, 0x73, 0x74, 0x75, 0x76, 0x77, 0x78, 0x79, 0x7A, 0x41, 0x42, 0x43, 0x44, 0x45, 0x46, 0x47, 0x48, 0x49, 0x4A, 0x4B, 0x4C, 0x4D, 0x4E, 0x4F, 0x50,
    0x51, 0x52, 0x53, 0x54, 0x55, 0x56, 0x57, 0x58, 0x59, 0x5A, 0x61, 0x62, 0x63, 0x64, 0x65, 0x66, 0x67, 0x69, 0x6A, 0x6B, 0x6C, 0x6D, 0x6E, 0x6F, 0x70, 0x71, 0x72, 0x73, 0x74, 0x75, 0x76, 0x77,
    0x78, 0x79, 0x7A, 0x41, 0x42, 0x43, 0x44, 0x45, 0x46, 0x47, 0x48, 0x49, 0x4A, 0x4B, 0x4C, 0x4D, 0x4E, 0x4F, 0x50, 0x51, 0x52, 0x53, 0x54, 0x55, 0x56, 0x57, 0x58, 0x59, 0x5A, 0x61, 0x62, 0x63,
    0x64, 0x65, 0x66, 0x67, 0x68, 0x69, 0x6A, 0x6B, 0x6C, 0x6D, 0x6E, 0x6F, 0x70, 0x71, 0x72, 0x73, 0x74, 0x75, 0x76, 0x77, 0x78, 0x79, 0x7A, 0x41, 0x43, 0x44, 0x47, 0x4A, 0x4B, 0x4E, 0x4F, 0x50,
    0x51, 0x53, 0x54, 0x55, 0x56, 0x57, 0x58, 0x59, 0x5A, 0x61, 0x62, 0x63, 0x64, 0x66, 0x68, 0x69, 0x6A, 0x6B, 0x6C, 0x6D, 0x6E, 0x70, 0x71, 0x72, 0x73, 0x74, 0x75, 0x76, 0x77, 0x78, 0x79, 0x7A,
    0x41, 0x42, 0x43, 0x44, 0x45, 0x46, 0x47, 0x48, 0x49, 0x4A, 0x4B, 0x4C, 0x4D, 0x4E, 0x4F, 0x50, 0x51, 0x52, 0x53, 0x54, 0x55, 0x56, 0x57, 0x58, 0x59, 0x5A, 0x61, 0x62, 0x63, 0x64, 0x65, 0x66,
    0x67, 0x68, 0x69, 0x6A, 0x6B, 0x6C, 0x6D, 0x6E, 0x6F, 0x70, 0x71, 0x72, 0x73, 0x74, 0x75, 0x76, 0x77, 0x78, 0x79, 0x7A, 0x41, 0x42, 0x44, 0x45, 0x46, 0x47, 0x4A, 0x4B, 0x4C, 0x4D, 0x4E, 0x4F,
    0x50, 0x51, 0x53, 0x54, 0x55, 0x56, 0x57, 0x58, 0x59, 0x61, 0x62, 0x63, 0x64, 0x65, 0x66, 0x67, 0x68, 0x69, 0x6A, 0x6B, 0x6C, 0x6D, 0x6E, 0x6F, 0x70, 0x71, 0x72, 0x73, 0x74, 0x75, 0x76, 0x77,
    0x78, 0x79, 0x7A, 0x41, 0x42, 0x44, 0x45, 0x46, 0x47, 0x49, 0x4A, 0x4B, 0x4C, 0x4D, 0x4F, 0x53, 0x54, 0x55, 0x56, 0x57, 0x58, 0x59, 0x61, 0x62, 0x63, 0x64, 0x65, 0x66, 0x67, 0x68, 0x69, 0x6A,
    0x6B, 0x6C, 0x6D, 0x6E, 0x6F, 0x70, 0x71, 0x72, 0x73, 0x74, 0x75, 0x76, 0x77, 0x78, 0x79, 0x7A, 0x41, 0x42, 0x43, 0x44, 0x45, 0x46, 0x47, 0x48, 0x49, 0x4A, 0x4B, 0x4C, 0x4D, 0x4E, 0x4F, 0x50,
    0x51, 0x52, 0x53, 0x54, 0x55, 0x56, 0x57, 0x58, 0x59, 0x5A, 0x61, 0x62, 0x63, 0x64, 0x65, 0x66, 0x67, 0x68, 0x69, 0x6A, 0x6B, 0x6C, 0x6D, 0x6E, 0x6F, 0x70, 0x71, 0x72, 0x73, 0x74, 0x75, 0x76,
    0x77, 0x78, 0x79, 0x7A, 0x41, 0x42, 0x43, 0x44, 0x45, 0x46, 0x47, 0x48, 0x49, 0x4A, 0x4B, 0x4C, 0x4D, 0x4E, 0x4F, 0x50, 0x51, 0x52, 0x53, 0x54, 0x55, 0x56, 0x57, 0x58, 0x59, 0x5A, 0x61, 0x62,
    0x63, 0x64, 0x65, 0x66, 0x67, 0x68, 0x69, 0x6A, 0x6B, 0x6C, 0x6D, 0x6E, 0x6F, 0x70, 0x71, 0x72, 0x73, 0x74, 0x75, 0x76, 0x77, 0x78, 0x79, 0x7A, 0x41, 0x42, 0x43, 0x44, 0x45, 0x46, 0x47, 0x48,
    0x49, 0x4A, 0x4B, 0x4C, 0x4D, 0x4E, 0x4F, 0x50, 0x51, 0x52, 0x53, 0x54, 0x55, 0x56, 0x57, 0x58, 0x59, 0x5A, 0x61, 0x62, 0x63, 0x64, 0x65, 0x66, 0x67, 0x68, 0x69, 0x6A, 0x6B, 0x6C, 0x6D, 0x6E,
    0x6F, 0x70, 0x71, 0x72, 0x73, 0x74, 0x75, 0x76, 0x77, 0x78, 0x79, 0x7A, 0x41, 0x42, 0x43, 0x44, 0x45, 0x46, 0x47, 0x48, 0x49, 0x4A, 0x4B, 0x4C, 0x4D, 0x4E, 0x4F, 0x50, 0x51, 0x52, 0x53, 0x54,
    0x55, 0x56, 0x57, 0x58, 0x59, 0x5A, 0x61, 0x62, 0x63, 0x64, 0x65, 0x66, 0x67, 0x68, 0x69, 0x6A, 0x6B, 0x6C, 0x6D, 0x6E, 0x6F, 0x70, 0x71, 0x72, 0x73, 0x74, 0x75, 0x76, 0x77, 0x78, 0x79, 0x7A,
    0x41, 0x42, 0x43, 0x44, 0x45, 0x46, 0x47, 0x48, 0x49, 0x4A, 0x4B, 0x4C, 0x4D, 0x4E, 0x4F, 0x50, 0x51, 0x52, 0x53, 0x54, 0x55, 0x56, 0x57, 0x58, 0x59, 0x5A, 0x61, 0x62, 0x63, 0x64, 0x65, 0x66,
    0x67, 0x68, 0x69, 0x6A, 0x6B, 0x6C, 0x6D, 0x6E, 0x6F, 0x70, 0x71, 0x72, 0x73, 0x74, 0x75, 0x76, 0x77, 0x78, 0x79, 0x7A, 0x41, 0x42, 0x43, 0x44, 0x45, 0x46, 0x47, 0x48, 0x49, 0x4A, 0x4B, 0x4C,
    0x4D, 0x4E, 0x4F, 0x50, 0x51, 0x52, 0x53, 0x54, 0x55, 0x56, 0x57, 0x58, 0x59, 0x5A, 0x61, 0x62, 0x63, 0x64, 0x65, 0x66, 0x67, 0x68, 0x69, 0x6A, 0x6B, 0x6C, 0x6D, 0x6E, 0x6F, 0x70, 0x71, 0x72,
    0x73, 0x74, 0x75, 0x76, 0x77, 0x78, 0x79, 0x7A, 0x131, 0x237, 0x391, 0x392, 0x393, 0x394, 0x395, 0x396, 0x397, 0x398, 0x399, 0x39A, 0x39B, 0x39C, 0x39D, 0x39E, 0x39F, 0x3A0, 0x3A1, 0x3F4, 0x3A3,
    0x3A4, 0x3A5, 0x3A6, 0x3A7, 0x3A8, 0x3A9, 0x2207, 0x3B1, 0x3B2, 0x3B3, 0x3B4, 0x3B5, 0x3B6, 0x3B7, 0x3B8, 0x3B9, 0x3BA, 0x3BB, 0x3BC, 0x3BD, 0x3BE, 0x3BF, 0x3C0, 0x3C1, 0x3C2, 0x3C3, 0x3C4, 0x3C5,
    0x3C6, 0x3C7, 0x3C8, 0x3C9, 0x2202, 0x3F5, 0x3D1, 0x3F0, 0x3D5, 0x3F1, 0x3D6, 0x391, 0x392, 0x393, 0x394, 0x395, 0x396, 0x397, 0x398, 0x399, 0x39A, 0x39B, 0x39C, 0x39D, 0x39E, 0x39F, 0x3A0, 0x3A1,
    0x3F4, 0x3A3, 0x3A4, 0x3A5, 0x3A6, 0x3A7, 0x3A8, 0x3A9, 0x2207, 0x3B1, 0x3B2, 0x3B3, 0x3B4, 0x3B5, 0x3B6, 0x3B7, 0x3B8, 0x3B9, 0x3BA, 0x3BB, 0x3BC, 0x3BD, 0x3BE, 0x3BF, 0x3C0, 0x3C1, 0x3C2, 0x3C3,
    0x3C4, 0x3C5, 0x3C6, 0x3C7, 0x3C8, 0x3C9, 0x2202, 0x3F5, 0x3D1, 0x3F0, 0x3D5, 0x3F1, 0x3D6, 0x391, 0x392, 0x393, 0x394, 0x395, 0x396, 0x397, 0x398, 0x399, 0x39A, 0x39B, 0x39C, 0x39D, 0x39E, 0x39F,
    0x3A0, 0x3A1, 0x3F4, 0x3A3, 0x3A4, 0x3A5, 0x3A6, 0x3A7, 0x3A8, 0x3A9, 0x2207, 0x3B1, 0x3B2, 0x3B3, 0x3B4, 0x3B5, 0x3B6, 0x3B7, 0x3B8, 0x3B9, 0x3BA, 0x3BB, 0x3BC, 0x3BD, 0x3BE, 0x3BF, 0x3C0, 0x3C1,
    0x3C2, 0x3C3, 0x3C4, 0x3C5, 0x3C6, 0x3C7, 0x3C8, 0x3C9, 0x2202, 0x3F5, 0x3D1, 0x3F0, 0x3D5, 0x3F1, 0x3D6, 0x391, 0x392, 0x393, 0x394, 0x395, 0x396, 0x397, 0x398, 0x399, 0x39A, 0x39B, 0x39C, 0x39D,
    0x39E, 0x39F, 0x3A0, 0x3A1, 0x3F4, 0x3A3, 0x3A4, 0x3A5, 0x3A6, 0x3A7, 0x3A8, 0x3A9, 0x2207, 0x3B1, 0x3B2, 0x3B3, 0x3B4, 0x3B5, 0x3B6, 0x3B7, 0x3B8, 0x3B9, 0x3BA, 0x3BB, 0x3BC, 0x3BD, 0x3BE, 0x3BF,
    0x3C0, 0x3C1, 0x3C2, 0x3C3, 0x3C4, 0x3C5, 0x3C6, 0x3C7, 0x3C8, 0x3C9, 0x2202, 0x3F5, 0x3D1, 0x3F0, 0x3D5, 0x3F1, 0x3D6, 0x391, 0x392, 0x393, 0x394, 0x395, 0x396, 0x397, 0x398, 0x399, 0x39A, 0x39B,
    0x39C, 0x39D, 0x39E, 0x39F, 0x3A0, 0x3A1, 0x3F4, 0x3A3, 0x3A4, 0x3A5, 0x3A6, 0x3A7, 0x3A8, 0x3A9, 0x2207, 0x3B1, 0x3B2, 0x3B3, 0x3B4, 0x3B5, 0x3B6, 0x3B7, 0x3B8, 0x3B9, 0x3BA, 0x3BB, 0x3BC, 0x3BD,
    0x3BE, 0x3BF, 0x3C0, 0x3C1, 0x3C2, 0x3C3, 0x3C4, 0x3C5, 0x3C6, 0x3C7, 0x3C8, 0x3C9, 0x2202, 0x3F5, 0x3D1, 0x3F0, 0x3D5, 0x3F1, 0x3D6, 0x3DC, 0x3DD, 0x30, 0x31, 0x32, 0x33, 0x34, 0x35, 0x36, 0x37,
    0x38, 0x39, 0x30, 0x31, 0x32, 0x33, 0x34, 0x35, 0x36, 0x37, 0x38, 0x39, 0x30, 0x31, 0x32, 0x33, 0x34, 0x35, 0x36, 0x37, 0x38, 0x39, 0x30, 0x31, 0x32, 0x33, 0x34, 0x35, 0x36, 0x37, 0x38, 0x39,
    0x30, 0x31, 0x32, 0x33, 0x34, 0x35, 0x36, 0x37, 0x38, 0x39, 0x430, 0x431, 0x432, 0x433, 0x434, 0x435, 0x436, 0x437, 0x438, 0x43A, 0x43B, 0x43C, 0x43E, 0x43F, 0x440, 0x441, 0x442, 0x443, 0x444,
    0x445, 0x446, 0x447, 0x448, 0x44B, 0x44D, 0x44E, 0xA689, 0x4D9, 0x456, 0x458, 0x4E9, 0x4AF, 0x4CF, 0x430, 0x431, 0x432, 0x433, 0x434, 0x435, 0x436, 0x437, 0x438, 0x43A, 0x43B, 0x43E, 0x43F, 0x441,
    0x443, 0x444, 0x445, 0x446, 0x447, 0x448, 0x44A, 0x44B, 0x491, 0x456, 0x455, 0x45F, 0x4AB, 0xA651, 0x4B1, 0x627, 0x628, 0x62C, 0x62F, 0x648, 0x632, 0x62D, 0x637, 0x64A, 0x643, 0x644, 0x645, 0x646,
    0x633, 0x639, 0x641, 0x635, 0x642, 0x631, 0x634, 0x62A, 0x62B, 0x62E, 0x630, 0x636, 0x638, 0x63A, 0x66E, 0x6BA, 0x6A1, 0x66F, 0x628, 0x62C, 0x647, 0x62D, 0x64A, 0x643, 0x644, 0x645, 0x646, 0x633,
    0x639, 0x641, 0x635, 0x642, 0x634, 0x62A, 0x62B, 0x62E, 0x636, 0x63A, 0x62C, 0x62D, 0x64A, 0x644, 0x646, 0x633, 0x639, 0x635, 0x642, 0x634, 0x62E, 0x636, 0x63A, 0x6BA, 0x66F, 0x628, 0x62C, 0x647,
    0x62D, 0x637, 0x64A, 0x643, 0x645, 0x646, 0x633, 0x639, 0x641, 0x635, 0x642, 0x634, 0x62A, 0x62B, 0x62E, 0x636, 0x638, 0x63A, 0x66E, 0x6A1, 0x627, 0x628, 0x62C, 0x62F, 0x647, 0x648, 0x632, 0x62D,
    0x637, 0x64A, 0x644, 0x645, 0x646, 0x633, 0x639, 0x641, 0x635, 0x642, 0x631, 0x634, 0x62A, 0x62B, 0x62E, 0x630, 0x636, 0x638, 0x63A, 0x628, 0x62C, 0x62F, 0x648, 0x632, 0x62D, 0x637, 0x64A, 0x644,
    0x645, 0x646, 0x633, 0x639, 0x641, 0x635, 0x642, 0x631, 0x634, 0x62A, 0x62B, 0x62E, 0x630, 0x636, 0x638, 0x63A, 0x30, 0x2E, 0x30, 0x2C, 0x31, 0x2C, 0x32, 0x2C, 0x33, 0x2C, 0x34, 0x2C, 0x35, 0x2C,
    0x36, 0x2C, 0x37, 0x2C, 0x38, 0x2C, 0x39, 0x2C, 0x28, 0x41, 0x29, 0x28, 0x42, 0x29, 0x28, 0x43, 0x29, 0x28, 0x44, 0x29, 0x28, 0x45, 0x29, 0x28, 0x46, 0x29, 0x28, 0x47, 0x29, 0x28, 0x48, 0x29,
    0x28, 0x49, 0x29, 0x28, 0x4A, 0x29, 0x28, 0x4B, 0x29, 0x28, 0x4C, 0x29, 0x28, 0x4D, 0x29, 0x28, 0x4E, 0x29, 0x28, 0x4F, 0x29, 0x28, 0x50, 0x29, 0x28, 0x51, 0x29, 0x28, 0x52, 0x29, 0x28, 0x53,
    0x29, 0x28, 0x54, 0x29, 0x28, 0x55, 0x29, 0x28, 0x56, 0x29, 0x28, 0x57, 0x29, 0x28, 0x58, 0x29, 0x28, 0x59, 0x29, 0x28, 0x5A, 0x29, 0x3014, 0x53, 0x3015, 0x43, 0x52, 0x43, 0x44, 0x57, 0x5A, 0x41,
    0x42, 0x43, 0x44, 0x45, 0x46, 0x47, 0x48, 0x49, 0x4A, 0x4B, 0x4C, 0x4D, 0x4E, 0x4F, 0x50, 0x51, 0x52, 0x53, 0x54, 0x55, 0x56, 0x57, 0x58, 0x59, 0x5A, 0x48, 0x56, 0x4D, 0x56, 0x53, 0x44, 0x53,
    0x53, 0x50, 0x50, 0x56, 0x57, 0x43, 0x4D, 0x43, 0x4D, 0x44, 0x4D, 0x52, 0x44, 0x4A, 0x307B, 0x304B, 0x30B3, 0x30B3, 0x30B5, 0x624B, 0x5B57, 0x53CC, 0x30C7, 0x4E8C, 0x591A, 0x89E3, 0x5929, 0x4EA4,
    0x6620, 0x7121, 0x6599, 0x524D, 0x5F8C, 0x518D, 0x65B0, 0x521D, 0x7D42, 0x751F, 0x8CA9, 0x58F0, 0x5439, 0x6F14, 0x6295, 0x6355, 0x4E00, 0x4E09, 0x904A, 0x5DE6, 0x4E2D, 0x53F3, 0x6307, 0x8D70,
    0x6253, 0x7981, 0x7A7A, 0x5408, 0x6E80, 0x6709, 0x6708, 0x7533, 0x5272, 0x55B6, 0x914D, 0x3014, 0x672C, 0x3015, 0x3014, 0x4E09, 0x3015, 0x3014, 0x4E8C, 0x3015, 0x3014, 0x5B89, 0x3015, 0x3014,
    0x70B9, 0x3015, 0x3014, 0x6253, 0x3015, 0x3014, 0x76D7, 0x3015, 0x3014, 0x52DD, 0x3015, 0x3014, 0x6557, 0x3015, 0x5F97, 0x53EF, 0x30, 0x31, 0x32, 0x33, 0x34, 0x35, 0x36, 0x37, 0x38, 0x39, };
static const unsigned int rk_un_comp[][3] = { {0x3C,0x338,0x226E}, {0x3D,0x338,0x2260}, {0x3E,0x338,0x226F}, {0x41,0x300,0xC0}, {0x41,0x301,0xC1}, {0x41,0x302,0xC2}, {0x41,0x303,0xC3}, {0x41,0x304,
    0x100}, {0x41,0x306,0x102}, {0x41,0x307,0x226}, {0x41,0x308,0xC4}, {0x41,0x309,0x1EA2}, {0x41,0x30A,0xC5}, {0x41,0x30C,0x1CD}, {0x41,0x30F,0x200}, {0x41,0x311,0x202}, {0x41,0x323,0x1EA0}, {0x41,
    0x325,0x1E00}, {0x41,0x328,0x104}, {0x42,0x307,0x1E02}, {0x42,0x323,0x1E04}, {0x42,0x331,0x1E06}, {0x43,0x301,0x106}, {0x43,0x302,0x108}, {0x43,0x307,0x10A}, {0x43,0x30C,0x10C}, {0x43,0x327,0xC7},
    {0x44,0x307,0x1E0A}, {0x44,0x30C,0x10E}, {0x44,0x323,0x1E0C}, {0x44,0x327,0x1E10}, {0x44,0x32D,0x1E12}, {0x44,0x331,0x1E0E}, {0x45,0x300,0xC8}, {0x45,0x301,0xC9}, {0x45,0x302,0xCA}, {0x45,0x303,
    0x1EBC}, {0x45,0x304,0x112}, {0x45,0x306,0x114}, {0x45,0x307,0x116}, {0x45,0x308,0xCB}, {0x45,0x309,0x1EBA}, {0x45,0x30C,0x11A}, {0x45,0x30F,0x204}, {0x45,0x311,0x206}, {0x45,0x323,0x1EB8}, {0x45,
    0x327,0x228}, {0x45,0x328,0x118}, {0x45,0x32D,0x1E18}, {0x45,0x330,0x1E1A}, {0x46,0x307,0x1E1E}, {0x47,0x301,0x1F4}, {0x47,0x302,0x11C}, {0x47,0x304,0x1E20}, {0x47,0x306,0x11E}, {0x47,0x307,
    0x120}, {0x47,0x30C,0x1E6}, {0x47,0x327,0x122}, {0x48,0x302,0x124}, {0x48,0x307,0x1E22}, {0x48,0x308,0x1E26}, {0x48,0x30C,0x21E}, {0x48,0x323,0x1E24}, {0x48,0x327,0x1E28}, {0x48,0x32E,0x1E2A},
    {0x49,0x300,0xCC}, {0x49,0x301,0xCD}, {0x49,0x302,0xCE}, {0x49,0x303,0x128}, {0x49,0x304,0x12A}, {0x49,0x306,0x12C}, {0x49,0x307,0x130}, {0x49,0x308,0xCF}, {0x49,0x309,0x1EC8}, {0x49,0x30C,0x1CF},
    {0x49,0x30F,0x208}, {0x49,0x311,0x20A}, {0x49,0x323,0x1ECA}, {0x49,0x328,0x12E}, {0x49,0x330,0x1E2C}, {0x4A,0x302,0x134}, {0x4B,0x301,0x1E30}, {0x4B,0x30C,0x1E8}, {0x4B,0x323,0x1E32}, {0x4B,0x327,
    0x136}, {0x4B,0x331,0x1E34}, {0x4C,0x301,0x139}, {0x4C,0x30C,0x13D}, {0x4C,0x323,0x1E36}, {0x4C,0x327,0x13B}, {0x4C,0x32D,0x1E3C}, {0x4C,0x331,0x1E3A}, {0x4D,0x301,0x1E3E}, {0x4D,0x307,0x1E40},
    {0x4D,0x323,0x1E42}, {0x4E,0x300,0x1F8}, {0x4E,0x301,0x143}, {0x4E,0x303,0xD1}, {0x4E,0x307,0x1E44}, {0x4E,0x30C,0x147}, {0x4E,0x323,0x1E46}, {0x4E,0x327,0x145}, {0x4E,0x32D,0x1E4A}, {0x4E,0x331,
    0x1E48}, {0x4F,0x300,0xD2}, {0x4F,0x301,0xD3}, {0x4F,0x302,0xD4}, {0x4F,0x303,0xD5}, {0x4F,0x304,0x14C}, {0x4F,0x306,0x14E}, {0x4F,0x307,0x22E}, {0x4F,0x308,0xD6}, {0x4F,0x309,0x1ECE}, {0x4F,
    0x30B,0x150}, {0x4F,0x30C,0x1D1}, {0x4F,0x30F,0x20C}, {0x4F,0x311,0x20E}, {0x4F,0x31B,0x1A0}, {0x4F,0x323,0x1ECC}, {0x4F,0x328,0x1EA}, {0x50,0x301,0x1E54}, {0x50,0x307,0x1E56}, {0x52,0x301,0x154},
    {0x52,0x307,0x1E58}, {0x52,0x30C,0x158}, {0x52,0x30F,0x210}, {0x52,0x311,0x212}, {0x52,0x323,0x1E5A}, {0x52,0x327,0x156}, {0x52,0x331,0x1E5E}, {0x53,0x301,0x15A}, {0x53,0x302,0x15C}, {0x53,0x307,
    0x1E60}, {0x53,0x30C,0x160}, {0x53,0x323,0x1E62}, {0x53,0x326,0x218}, {0x53,0x327,0x15E}, {0x54,0x307,0x1E6A}, {0x54,0x30C,0x164}, {0x54,0x323,0x1E6C}, {0x54,0x326,0x21A}, {0x54,0x327,0x162},
    {0x54,0x32D,0x1E70}, {0x54,0x331,0x1E6E}, {0x55,0x300,0xD9}, {0x55,0x301,0xDA}, {0x55,0x302,0xDB}, {0x55,0x303,0x168}, {0x55,0x304,0x16A}, {0x55,0x306,0x16C}, {0x55,0x308,0xDC}, {0x55,0x309,
    0x1EE6}, {0x55,0x30A,0x16E}, {0x55,0x30B,0x170}, {0x55,0x30C,0x1D3}, {0x55,0x30F,0x214}, {0x55,0x311,0x216}, {0x55,0x31B,0x1AF}, {0x55,0x323,0x1EE4}, {0x55,0x324,0x1E72}, {0x55,0x328,0x172},
    {0x55,0x32D,0x1E76}, {0x55,0x330,0x1E74}, {0x56,0x303,0x1E7C}, {0x56,0x323,0x1E7E}, {0x57,0x300,0x1E80}, {0x57,0x301,0x1E82}, {0x57,0x302,0x174}, {0x57,0x307,0x1E86}, {0x57,0x308,0x1E84}, {0x57,
    0x323,0x1E88}, {0x58,0x307,0x1E8A}, {0x58,0x308,0x1E8C}, {0x59,0x300,0x1EF2}, {0x59,0x301,0xDD}, {0x59,0x302,0x176}, {0x59,0x303,0x1EF8}, {0x59,0x304,0x232}, {0x59,0x307,0x1E8E}, {0x59,0x308,
    0x178}, {0x59,0x309,0x1EF6}, {0x59,0x323,0x1EF4}, {0x5A,0x301,0x179}, {0x5A,0x302,0x1E90}, {0x5A,0x307,0x17B}, {0x5A,0x30C,0x17D}, {0x5A,0x323,0x1E92}, {0x5A,0x331,0x1E94}, {0x61,0x300,0xE0},
    {0x61,0x301,0xE1}, {0x61,0x302,0xE2}, {0x61,0x303,0xE3}, {0x61,0x304,0x101}, {0x61,0x306,0x103}, {0x61,0x307,0x227}, {0x61,0x308,0xE4}, {0x61,0x309,0x1EA3}, {0x61,0x30A,0xE5}, {0x61,0x30C,0x1CE},
    {0x61,0x30F,0x201}, {0x61,0x311,0x203}, {0x61,0x323,0x1EA1}, {0x61,0x325,0x1E01}, {0x61,0x328,0x105}, {0x62,0x307,0x1E03}, {0x62,0x323,0x1E05}, {0x62,0x331,0x1E07}, {0x63,0x301,0x107}, {0x63,
    0x302,0x109}, {0x63,0x307,0x10B}, {0x63,0x30C,0x10D}, {0x63,0x327,0xE7}, {0x64,0x307,0x1E0B}, {0x64,0x30C,0x10F}, {0x64,0x323,0x1E0D}, {0x64,0x327,0x1E11}, {0x64,0x32D,0x1E13}, {0x64,0x331,
    0x1E0F}, {0x65,0x300,0xE8}, {0x65,0x301,0xE9}, {0x65,0x302,0xEA}, {0x65,0x303,0x1EBD}, {0x65,0x304,0x113}, {0x65,0x306,0x115}, {0x65,0x307,0x117}, {0x65,0x308,0xEB}, {0x65,0x309,0x1EBB}, {0x65,
    0x30C,0x11B}, {0x65,0x30F,0x205}, {0x65,0x311,0x207}, {0x65,0x323,0x1EB9}, {0x65,0x327,0x229}, {0x65,0x328,0x119}, {0x65,0x32D,0x1E19}, {0x65,0x330,0x1E1B}, {0x66,0x307,0x1E1F}, {0x67,0x301,
    0x1F5}, {0x67,0x302,0x11D}, {0x67,0x304,0x1E21}, {0x67,0x306,0x11F}, {0x67,0x307,0x121}, {0x67,0x30C,0x1E7}, {0x67,0x327,0x123}, {0x68,0x302,0x125}, {0x68,0x307,0x1E23}, {0x68,0x308,0x1E27},
    {0x68,0x30C,0x21F}, {0x68,0x323,0x1E25}, {0x68,0x327,0x1E29}, {0x68,0x32E,0x1E2B}, {0x68,0x331,0x1E96}, {0x69,0x300,0xEC}, {0x69,0x301,0xED}, {0x69,0x302,0xEE}, {0x69,0x303,0x129}, {0x69,0x304,
    0x12B}, {0x69,0x306,0x12D}, {0x69,0x308,0xEF}, {0x69,0x309,0x1EC9}, {0x69,0x30C,0x1D0}, {0x69,0x30F,0x209}, {0x69,0x311,0x20B}, {0x69,0x323,0x1ECB}, {0x69,0x328,0x12F}, {0x69,0x330,0x1E2D}, {0x6A,
    0x302,0x135}, {0x6A,0x30C,0x1F0}, {0x6B,0x301,0x1E31}, {0x6B,0x30C,0x1E9}, {0x6B,0x323,0x1E33}, {0x6B,0x327,0x137}, {0x6B,0x331,0x1E35}, {0x6C,0x301,0x13A}, {0x6C,0x30C,0x13E}, {0x6C,0x323,
    0x1E37}, {0x6C,0x327,0x13C}, {0x6C,0x32D,0x1E3D}, {0x6C,0x331,0x1E3B}, {0x6D,0x301,0x1E3F}, {0x6D,0x307,0x1E41}, {0x6D,0x323,0x1E43}, {0x6E,0x300,0x1F9}, {0x6E,0x301,0x144}, {0x6E,0x303,0xF1},
    {0x6E,0x307,0x1E45}, {0x6E,0x30C,0x148}, {0x6E,0x323,0x1E47}, {0x6E,0x327,0x146}, {0x6E,0x32D,0x1E4B}, {0x6E,0x331,0x1E49}, {0x6F,0x300,0xF2}, {0x6F,0x301,0xF3}, {0x6F,0x302,0xF4}, {0x6F,0x303,
    0xF5}, {0x6F,0x304,0x14D}, {0x6F,0x306,0x14F}, {0x6F,0x307,0x22F}, {0x6F,0x308,0xF6}, {0x6F,0x309,0x1ECF}, {0x6F,0x30B,0x151}, {0x6F,0x30C,0x1D2}, {0x6F,0x30F,0x20D}, {0x6F,0x311,0x20F}, {0x6F,
    0x31B,0x1A1}, {0x6F,0x323,0x1ECD}, {0x6F,0x328,0x1EB}, {0x70,0x301,0x1E55}, {0x70,0x307,0x1E57}, {0x72,0x301,0x155}, {0x72,0x307,0x1E59}, {0x72,0x30C,0x159}, {0x72,0x30F,0x211}, {0x72,0x311,
    0x213}, {0x72,0x323,0x1E5B}, {0x72,0x327,0x157}, {0x72,0x331,0x1E5F}, {0x73,0x301,0x15B}, {0x73,0x302,0x15D}, {0x73,0x307,0x1E61}, {0x73,0x30C,0x161}, {0x73,0x323,0x1E63}, {0x73,0x326,0x219},
    {0x73,0x327,0x15F}, {0x74,0x307,0x1E6B}, {0x74,0x308,0x1E97}, {0x74,0x30C,0x165}, {0x74,0x323,0x1E6D}, {0x74,0x326,0x21B}, {0x74,0x327,0x163}, {0x74,0x32D,0x1E71}, {0x74,0x331,0x1E6F}, {0x75,
    0x300,0xF9}, {0x75,0x301,0xFA}, {0x75,0x302,0xFB}, {0x75,0x303,0x169}, {0x75,0x304,0x16B}, {0x75,0x306,0x16D}, {0x75,0x308,0xFC}, {0x75,0x309,0x1EE7}, {0x75,0x30A,0x16F}, {0x75,0x30B,0x171},
    {0x75,0x30C,0x1D4}, {0x75,0x30F,0x215}, {0x75,0x311,0x217}, {0x75,0x31B,0x1B0}, {0x75,0x323,0x1EE5}, {0x75,0x324,0x1E73}, {0x75,0x328,0x173}, {0x75,0x32D,0x1E77}, {0x75,0x330,0x1E75}, {0x76,0x303,
    0x1E7D}, {0x76,0x323,0x1E7F}, {0x77,0x300,0x1E81}, {0x77,0x301,0x1E83}, {0x77,0x302,0x175}, {0x77,0x307,0x1E87}, {0x77,0x308,0x1E85}, {0x77,0x30A,0x1E98}, {0x77,0x323,0x1E89}, {0x78,0x307,0x1E8B},
    {0x78,0x308,0x1E8D}, {0x79,0x300,0x1EF3}, {0x79,0x301,0xFD}, {0x79,0x302,0x177}, {0x79,0x303,0x1EF9}, {0x79,0x304,0x233}, {0x79,0x307,0x1E8F}, {0x79,0x308,0xFF}, {0x79,0x309,0x1EF7}, {0x79,0x30A,
    0x1E99}, {0x79,0x323,0x1EF5}, {0x7A,0x301,0x17A}, {0x7A,0x302,0x1E91}, {0x7A,0x307,0x17C}, {0x7A,0x30C,0x17E}, {0x7A,0x323,0x1E93}, {0x7A,0x331,0x1E95}, {0xA8,0x300,0x1FED}, {0xA8,0x301,0x385},
    {0xA8,0x342,0x1FC1}, {0xC2,0x300,0x1EA6}, {0xC2,0x301,0x1EA4}, {0xC2,0x303,0x1EAA}, {0xC2,0x309,0x1EA8}, {0xC4,0x304,0x1DE}, {0xC5,0x301,0x1FA}, {0xC6,0x301,0x1FC}, {0xC6,0x304,0x1E2}, {0xC7,
    0x301,0x1E08}, {0xCA,0x300,0x1EC0}, {0xCA,0x301,0x1EBE}, {0xCA,0x303,0x1EC4}, {0xCA,0x309,0x1EC2}, {0xCF,0x301,0x1E2E}, {0xD4,0x300,0x1ED2}, {0xD4,0x301,0x1ED0}, {0xD4,0x303,0x1ED6}, {0xD4,0x309,
    0x1ED4}, {0xD5,0x301,0x1E4C}, {0xD5,0x304,0x22C}, {0xD5,0x308,0x1E4E}, {0xD6,0x304,0x22A}, {0xD8,0x301,0x1FE}, {0xDC,0x300,0x1DB}, {0xDC,0x301,0x1D7}, {0xDC,0x304,0x1D5}, {0xDC,0x30C,0x1D9},
    {0xE2,0x300,0x1EA7}, {0xE2,0x301,0x1EA5}, {0xE2,0x303,0x1EAB}, {0xE2,0x309,0x1EA9}, {0xE4,0x304,0x1DF}, {0xE5,0x301,0x1FB}, {0xE6,0x301,0x1FD}, {0xE6,0x304,0x1E3}, {0xE7,0x301,0x1E09}, {0xEA,
    0x300,0x1EC1}, {0xEA,0x301,0x1EBF}, {0xEA,0x303,0x1EC5}, {0xEA,0x309,0x1EC3}, {0xEF,0x301,0x1E2F}, {0xF4,0x300,0x1ED3}, {0xF4,0x301,0x1ED1}, {0xF4,0x303,0x1ED7}, {0xF4,0x309,0x1ED5}, {0xF5,0x301,
    0x1E4D}, {0xF5,0x304,0x22D}, {0xF5,0x308,0x1E4F}, {0xF6,0x304,0x22B}, {0xF8,0x301,0x1FF}, {0xFC,0x300,0x1DC}, {0xFC,0x301,0x1D8}, {0xFC,0x304,0x1D6}, {0xFC,0x30C,0x1DA}, {0x102,0x300,0x1EB0},
    {0x102,0x301,0x1EAE}, {0x102,0x303,0x1EB4}, {0x102,0x309,0x1EB2}, {0x103,0x300,0x1EB1}, {0x103,0x301,0x1EAF}, {0x103,0x303,0x1EB5}, {0x103,0x309,0x1EB3}, {0x112,0x300,0x1E14}, {0x112,0x301,
    0x1E16}, {0x113,0x300,0x1E15}, {0x113,0x301,0x1E17}, {0x14C,0x300,0x1E50}, {0x14C,0x301,0x1E52}, {0x14D,0x300,0x1E51}, {0x14D,0x301,0x1E53}, {0x15A,0x307,0x1E64}, {0x15B,0x307,0x1E65}, {0x160,
    0x307,0x1E66}, {0x161,0x307,0x1E67}, {0x168,0x301,0x1E78}, {0x169,0x301,0x1E79}, {0x16A,0x308,0x1E7A}, {0x16B,0x308,0x1E7B}, {0x17F,0x307,0x1E9B}, {0x1A0,0x300,0x1EDC}, {0x1A0,0x301,0x1EDA},
    {0x1A0,0x303,0x1EE0}, {0x1A0,0x309,0x1EDE}, {0x1A0,0x323,0x1EE2}, {0x1A1,0x300,0x1EDD}, {0x1A1,0x301,0x1EDB}, {0x1A1,0x303,0x1EE1}, {0x1A1,0x309,0x1EDF}, {0x1A1,0x323,0x1EE3}, {0x1AF,0x300,
    0x1EEA}, {0x1AF,0x301,0x1EE8}, {0x1AF,0x303,0x1EEE}, {0x1AF,0x309,0x1EEC}, {0x1AF,0x323,0x1EF0}, {0x1B0,0x300,0x1EEB}, {0x1B0,0x301,0x1EE9}, {0x1B0,0x303,0x1EEF}, {0x1B0,0x309,0x1EED}, {0x1B0,
    0x323,0x1EF1}, {0x1B7,0x30C,0x1EE}, {0x1EA,0x304,0x1EC}, {0x1EB,0x304,0x1ED}, {0x226,0x304,0x1E0}, {0x227,0x304,0x1E1}, {0x228,0x306,0x1E1C}, {0x229,0x306,0x1E1D}, {0x22E,0x304,0x230}, {0x22F,
    0x304,0x231}, {0x292,0x30C,0x1EF}, {0x391,0x300,0x1FBA}, {0x391,0x301,0x386}, {0x391,0x304,0x1FB9}, {0x391,0x306,0x1FB8}, {0x391,0x313,0x1F08}, {0x391,0x314,0x1F09}, {0x391,0x345,0x1FBC}, {0x395,
    0x300,0x1FC8}, {0x395,0x301,0x388}, {0x395,0x313,0x1F18}, {0x395,0x314,0x1F19}, {0x397,0x300,0x1FCA}, {0x397,0x301,0x389}, {0x397,0x313,0x1F28}, {0x397,0x314,0x1F29}, {0x397,0x345,0x1FCC}, {0x399,
    0x300,0x1FDA}, {0x399,0x301,0x38A}, {0x399,0x304,0x1FD9}, {0x399,0x306,0x1FD8}, {0x399,0x308,0x3AA}, {0x399,0x313,0x1F38}, {0x399,0x314,0x1F39}, {0x39F,0x300,0x1FF8}, {0x39F,0x301,0x38C}, {0x39F,
    0x313,0x1F48}, {0x39F,0x314,0x1F49}, {0x3A1,0x314,0x1FEC}, {0x3A5,0x300,0x1FEA}, {0x3A5,0x301,0x38E}, {0x3A5,0x304,0x1FE9}, {0x3A5,0x306,0x1FE8}, {0x3A5,0x308,0x3AB}, {0x3A5,0x314,0x1F59}, {0x3A9,
    0x300,0x1FFA}, {0x3A9,0x301,0x38F}, {0x3A9,0x313,0x1F68}, {0x3A9,0x314,0x1F69}, {0x3A9,0x345,0x1FFC}, {0x3AC,0x345,0x1FB4}, {0x3AE,0x345,0x1FC4}, {0x3B1,0x300,0x1F70}, {0x3B1,0x301,0x3AC}, {0x3B1,
    0x304,0x1FB1}, {0x3B1,0x306,0x1FB0}, {0x3B1,0x313,0x1F00}, {0x3B1,0x314,0x1F01}, {0x3B1,0x342,0x1FB6}, {0x3B1,0x345,0x1FB3}, {0x3B5,0x300,0x1F72}, {0x3B5,0x301,0x3AD}, {0x3B5,0x313,0x1F10},
    {0x3B5,0x314,0x1F11}, {0x3B7,0x300,0x1F74}, {0x3B7,0x301,0x3AE}, {0x3B7,0x313,0x1F20}, {0x3B7,0x314,0x1F21}, {0x3B7,0x342,0x1FC6}, {0x3B7,0x345,0x1FC3}, {0x3B9,0x300,0x1F76}, {0x3B9,0x301,0x3AF},
    {0x3B9,0x304,0x1FD1}, {0x3B9,0x306,0x1FD0}, {0x3B9,0x308,0x3CA}, {0x3B9,0x313,0x1F30}, {0x3B9,0x314,0x1F31}, {0x3B9,0x342,0x1FD6}, {0x3BF,0x300,0x1F78}, {0x3BF,0x301,0x3CC}, {0x3BF,0x313,0x1F40},
    {0x3BF,0x314,0x1F41}, {0x3C1,0x313,0x1FE4}, {0x3C1,0x314,0x1FE5}, {0x3C5,0x300,0x1F7A}, {0x3C5,0x301,0x3CD}, {0x3C5,0x304,0x1FE1}, {0x3C5,0x306,0x1FE0}, {0x3C5,0x308,0x3CB}, {0x3C5,0x313,0x1F50},
    {0x3C5,0x314,0x1F51}, {0x3C5,0x342,0x1FE6}, {0x3C9,0x300,0x1F7C}, {0x3C9,0x301,0x3CE}, {0x3C9,0x313,0x1F60}, {0x3C9,0x314,0x1F61}, {0x3C9,0x342,0x1FF6}, {0x3C9,0x345,0x1FF3}, {0x3CA,0x300,0x1FD2},
    {0x3CA,0x301,0x390}, {0x3CA,0x342,0x1FD7}, {0x3CB,0x300,0x1FE2}, {0x3CB,0x301,0x3B0}, {0x3CB,0x342,0x1FE7}, {0x3CE,0x345,0x1FF4}, {0x3D2,0x301,0x3D3}, {0x3D2,0x308,0x3D4}, {0x406,0x308,0x407},
    {0x410,0x306,0x4D0}, {0x410,0x308,0x4D2}, {0x413,0x301,0x403}, {0x415,0x300,0x400}, {0x415,0x306,0x4D6}, {0x415,0x308,0x401}, {0x416,0x306,0x4C1}, {0x416,0x308,0x4DC}, {0x417,0x308,0x4DE}, {0x418,
    0x300,0x40D}, {0x418,0x304,0x4E2}, {0x418,0x306,0x419}, {0x418,0x308,0x4E4}, {0x41A,0x301,0x40C}, {0x41E,0x308,0x4E6}, {0x423,0x304,0x4EE}, {0x423,0x306,0x40E}, {0x423,0x308,0x4F0}, {0x423,0x30B,
    0x4F2}, {0x427,0x308,0x4F4}, {0x42B,0x308,0x4F8}, {0x42D,0x308,0x4EC}, {0x430,0x306,0x4D1}, {0x430,0x308,0x4D3}, {0x433,0x301,0x453}, {0x435,0x300,0x450}, {0x435,0x306,0x4D7}, {0x435,0x308,0x451},
    {0x436,0x306,0x4C2}, {0x436,0x308,0x4DD}, {0x437,0x308,0x4DF}, {0x438,0x300,0x45D}, {0x438,0x304,0x4E3}, {0x438,0x306,0x439}, {0x438,0x308,0x4E5}, {0x43A,0x301,0x45C}, {0x43E,0x308,0x4E7}, {0x443,
    0x304,0x4EF}, {0x443,0x306,0x45E}, {0x443,0x308,0x4F1}, {0x443,0x30B,0x4F3}, {0x447,0x308,0x4F5}, {0x44B,0x308,0x4F9}, {0x44D,0x308,0x4ED}, {0x456,0x308,0x457}, {0x474,0x30F,0x476}, {0x475,0x30F,
    0x477}, {0x4D8,0x308,0x4DA}, {0x4D9,0x308,0x4DB}, {0x4E8,0x308,0x4EA}, {0x4E9,0x308,0x4EB}, {0x627,0x653,0x622}, {0x627,0x654,0x623}, {0x627,0x655,0x625}, {0x648,0x654,0x624}, {0x64A,0x654,0x626},
    {0x6C1,0x654,0x6C2}, {0x6D2,0x654,0x6D3}, {0x6D5,0x654,0x6C0}, {0x928,0x93C,0x929}, {0x930,0x93C,0x931}, {0x933,0x93C,0x934}, {0x9C7,0x9BE,0x9CB}, {0x9C7,0x9D7,0x9CC}, {0xB47,0xB3E,0xB4B}, {0xB47,
    0xB56,0xB48}, {0xB47,0xB57,0xB4C}, {0xB92,0xBD7,0xB94}, {0xBC6,0xBBE,0xBCA}, {0xBC6,0xBD7,0xBCC}, {0xBC7,0xBBE,0xBCB}, {0xC46,0xC56,0xC48}, {0xCBF,0xCD5,0xCC0}, {0xCC6,0xCC2,0xCCA}, {0xCC6,0xCD5,
    0xCC7}, {0xCC6,0xCD6,0xCC8}, {0xCCA,0xCD5,0xCCB}, {0xD46,0xD3E,0xD4A}, {0xD46,0xD57,0xD4C}, {0xD47,0xD3E,0xD4B}, {0xDD9,0xDCA,0xDDA}, {0xDD9,0xDCF,0xDDC}, {0xDD9,0xDDF,0xDDE}, {0xDDC,0xDCA,0xDDD},
    {0x1025,0x102E,0x1026}, {0x1B05,0x1B35,0x1B06}, {0x1B07,0x1B35,0x1B08}, {0x1B09,0x1B35,0x1B0A}, {0x1B0B,0x1B35,0x1B0C}, {0x1B0D,0x1B35,0x1B0E}, {0x1B11,0x1B35,0x1B12}, {0x1B3A,0x1B35,0x1B3B},
    {0x1B3C,0x1B35,0x1B3D}, {0x1B3E,0x1B35,0x1B40}, {0x1B3F,0x1B35,0x1B41}, {0x1B42,0x1B35,0x1B43}, {0x1E36,0x304,0x1E38}, {0x1E37,0x304,0x1E39}, {0x1E5A,0x304,0x1E5C}, {0x1E5B,0x304,0x1E5D}, {0x1E62,
    0x307,0x1E68}, {0x1E63,0x307,0x1E69}, {0x1EA0,0x302,0x1EAC}, {0x1EA0,0x306,0x1EB6}, {0x1EA1,0x302,0x1EAD}, {0x1EA1,0x306,0x1EB7}, {0x1EB8,0x302,0x1EC6}, {0x1EB9,0x302,0x1EC7}, {0x1ECC,0x302,
    0x1ED8}, {0x1ECD,0x302,0x1ED9}, {0x1F00,0x300,0x1F02}, {0x1F00,0x301,0x1F04}, {0x1F00,0x342,0x1F06}, {0x1F00,0x345,0x1F80}, {0x1F01,0x300,0x1F03}, {0x1F01,0x301,0x1F05}, {0x1F01,0x342,0x1F07},
    {0x1F01,0x345,0x1F81}, {0x1F02,0x345,0x1F82}, {0x1F03,0x345,0x1F83}, {0x1F04,0x345,0x1F84}, {0x1F05,0x345,0x1F85}, {0x1F06,0x345,0x1F86}, {0x1F07,0x345,0x1F87}, {0x1F08,0x300,0x1F0A}, {0x1F08,
    0x301,0x1F0C}, {0x1F08,0x342,0x1F0E}, {0x1F08,0x345,0x1F88}, {0x1F09,0x300,0x1F0B}, {0x1F09,0x301,0x1F0D}, {0x1F09,0x342,0x1F0F}, {0x1F09,0x345,0x1F89}, {0x1F0A,0x345,0x1F8A}, {0x1F0B,0x345,
    0x1F8B}, {0x1F0C,0x345,0x1F8C}, {0x1F0D,0x345,0x1F8D}, {0x1F0E,0x345,0x1F8E}, {0x1F0F,0x345,0x1F8F}, {0x1F10,0x300,0x1F12}, {0x1F10,0x301,0x1F14}, {0x1F11,0x300,0x1F13}, {0x1F11,0x301,0x1F15},
    {0x1F18,0x300,0x1F1A}, {0x1F18,0x301,0x1F1C}, {0x1F19,0x300,0x1F1B}, {0x1F19,0x301,0x1F1D}, {0x1F20,0x300,0x1F22}, {0x1F20,0x301,0x1F24}, {0x1F20,0x342,0x1F26}, {0x1F20,0x345,0x1F90}, {0x1F21,
    0x300,0x1F23}, {0x1F21,0x301,0x1F25}, {0x1F21,0x342,0x1F27}, {0x1F21,0x345,0x1F91}, {0x1F22,0x345,0x1F92}, {0x1F23,0x345,0x1F93}, {0x1F24,0x345,0x1F94}, {0x1F25,0x345,0x1F95}, {0x1F26,0x345,
    0x1F96}, {0x1F27,0x345,0x1F97}, {0x1F28,0x300,0x1F2A}, {0x1F28,0x301,0x1F2C}, {0x1F28,0x342,0x1F2E}, {0x1F28,0x345,0x1F98}, {0x1F29,0x300,0x1F2B}, {0x1F29,0x301,0x1F2D}, {0x1F29,0x342,0x1F2F},
    {0x1F29,0x345,0x1F99}, {0x1F2A,0x345,0x1F9A}, {0x1F2B,0x345,0x1F9B}, {0x1F2C,0x345,0x1F9C}, {0x1F2D,0x345,0x1F9D}, {0x1F2E,0x345,0x1F9E}, {0x1F2F,0x345,0x1F9F}, {0x1F30,0x300,0x1F32}, {0x1F30,
    0x301,0x1F34}, {0x1F30,0x342,0x1F36}, {0x1F31,0x300,0x1F33}, {0x1F31,0x301,0x1F35}, {0x1F31,0x342,0x1F37}, {0x1F38,0x300,0x1F3A}, {0x1F38,0x301,0x1F3C}, {0x1F38,0x342,0x1F3E}, {0x1F39,0x300,
    0x1F3B}, {0x1F39,0x301,0x1F3D}, {0x1F39,0x342,0x1F3F}, {0x1F40,0x300,0x1F42}, {0x1F40,0x301,0x1F44}, {0x1F41,0x300,0x1F43}, {0x1F41,0x301,0x1F45}, {0x1F48,0x300,0x1F4A}, {0x1F48,0x301,0x1F4C},
    {0x1F49,0x300,0x1F4B}, {0x1F49,0x301,0x1F4D}, {0x1F50,0x300,0x1F52}, {0x1F50,0x301,0x1F54}, {0x1F50,0x342,0x1F56}, {0x1F51,0x300,0x1F53}, {0x1F51,0x301,0x1F55}, {0x1F51,0x342,0x1F57}, {0x1F59,
    0x300,0x1F5B}, {0x1F59,0x301,0x1F5D}, {0x1F59,0x342,0x1F5F}, {0x1F60,0x300,0x1F62}, {0x1F60,0x301,0x1F64}, {0x1F60,0x342,0x1F66}, {0x1F60,0x345,0x1FA0}, {0x1F61,0x300,0x1F63}, {0x1F61,0x301,
    0x1F65}, {0x1F61,0x342,0x1F67}, {0x1F61,0x345,0x1FA1}, {0x1F62,0x345,0x1FA2}, {0x1F63,0x345,0x1FA3}, {0x1F64,0x345,0x1FA4}, {0x1F65,0x345,0x1FA5}, {0x1F66,0x345,0x1FA6}, {0x1F67,0x345,0x1FA7},
    {0x1F68,0x300,0x1F6A}, {0x1F68,0x301,0x1F6C}, {0x1F68,0x342,0x1F6E}, {0x1F68,0x345,0x1FA8}, {0x1F69,0x300,0x1F6B}, {0x1F69,0x301,0x1F6D}, {0x1F69,0x342,0x1F6F}, {0x1F69,0x345,0x1FA9}, {0x1F6A,
    0x345,0x1FAA}, {0x1F6B,0x345,0x1FAB}, {0x1F6C,0x345,0x1FAC}, {0x1F6D,0x345,0x1FAD}, {0x1F6E,0x345,0x1FAE}, {0x1F6F,0x345,0x1FAF}, {0x1F70,0x345,0x1FB2}, {0x1F74,0x345,0x1FC2}, {0x1F7C,0x345,
    0x1FF2}, {0x1FB6,0x345,0x1FB7}, {0x1FBF,0x300,0x1FCD}, {0x1FBF,0x301,0x1FCE}, {0x1FBF,0x342,0x1FCF}, {0x1FC6,0x345,0x1FC7}, {0x1FF6,0x345,0x1FF7}, {0x1FFE,0x300,0x1FDD}, {0x1FFE,0x301,0x1FDE},
    {0x1FFE,0x342,0x1FDF}, {0x2190,0x338,0x219A}, {0x2192,0x338,0x219B}, {0x2194,0x338,0x21AE}, {0x21D0,0x338,0x21CD}, {0x21D2,0x338,0x21CF}, {0x21D4,0x338,0x21CE}, {0x2203,0x338,0x2204}, {0x2208,
    0x338,0x2209}, {0x220B,0x338,0x220C}, {0x2223,0x338,0x2224}, {0x2225,0x338,0x2226}, {0x223C,0x338,0x2241}, {0x2243,0x338,0x2244}, {0x2245,0x338,0x2247}, {0x2248,0x338,0x2249}, {0x224D,0x338,
    0x226D}, {0x2261,0x338,0x2262}, {0x2264,0x338,0x2270}, {0x2265,0x338,0x2271}, {0x2272,0x338,0x2274}, {0x2273,0x338,0x2275}, {0x2276,0x338,0x2278}, {0x2277,0x338,0x2279}, {0x227A,0x338,0x2280},
    {0x227B,0x338,0x2281}, {0x227C,0x338,0x22E0}, {0x227D,0x338,0x22E1}, {0x2282,0x338,0x2284}, {0x2283,0x338,0x2285}, {0x2286,0x338,0x2288}, {0x2287,0x338,0x2289}, {0x2291,0x338,0x22E2}, {0x2292,
    0x338,0x22E3}, {0x22A2,0x338,0x22AC}, {0x22A8,0x338,0x22AD}, {0x22A9,0x338,0x22AE}, {0x22AB,0x338,0x22AF}, {0x22B2,0x338,0x22EA}, {0x22B3,0x338,0x22EB}, {0x22B4,0x338,0x22EC}, {0x22B5,0x338,
    0x22ED}, {0x3046,0x3099,0x3094}, {0x304B,0x3099,0x304C}, {0x304D,0x3099,0x304E}, {0x304F,0x3099,0x3050}, {0x3051,0x3099,0x3052}, {0x3053,0x3099,0x3054}, {0x3055,0x3099,0x3056}, {0x3057,0x3099,
    0x3058}, {0x3059,0x3099,0x305A}, {0x305B,0x3099,0x305C}, {0x305D,0x3099,0x305E}, {0x305F,0x3099,0x3060}, {0x3061,0x3099,0x3062}, {0x3064,0x3099,0x3065}, {0x3066,0x3099,0x3067}, {0x3068,0x3099,
    0x3069}, {0x306F,0x3099,0x3070}, {0x306F,0x309A,0x3071}, {0x3072,0x3099,0x3073}, {0x3072,0x309A,0x3074}, {0x3075,0x3099,0x3076}, {0x3075,0x309A,0x3077}, {0x3078,0x3099,0x3079}, {0x3078,0x309A,
    0x307A}, {0x307B,0x3099,0x307C}, {0x307B,0x309A,0x307D}, {0x309D,0x3099,0x309E}, {0x30A6,0x3099,0x30F4}, {0x30AB,0x3099,0x30AC}, {0x30AD,0x3099,0x30AE}, {0x30AF,0x3099,0x30B0}, {0x30B1,0x3099,
    0x30B2}, {0x30B3,0x3099,0x30B4}, {0x30B5,0x3099,0x30B6}, {0x30B7,0x3099,0x30B8}, {0x30B9,0x3099,0x30BA}, {0x30BB,0x3099,0x30BC}, {0x30BD,0x3099,0x30BE}, {0x30BF,0x3099,0x30C0}, {0x30C1,0x3099,
    0x30C2}, {0x30C4,0x3099,0x30C5}, {0x30C6,0x3099,0x30C7}, {0x30C8,0x3099,0x30C9}, {0x30CF,0x3099,0x30D0}, {0x30CF,0x309A,0x30D1}, {0x30D2,0x3099,0x30D3}, {0x30D2,0x309A,0x30D4}, {0x30D5,0x3099,
    0x30D6}, {0x30D5,0x309A,0x30D7}, {0x30D8,0x3099,0x30D9}, {0x30D8,0x309A,0x30DA}, {0x30DB,0x3099,0x30DC}, {0x30DB,0x309A,0x30DD}, {0x30EF,0x3099,0x30F7}, {0x30F0,0x3099,0x30F8}, {0x30F1,0x3099,
    0x30F9}, {0x30F2,0x3099,0x30FA}, {0x30FD,0x3099,0x30FE}, {0x105D2,0x307,0x105C9}, {0x105DA,0x307,0x105E4}, {0x11099,0x110BA,0x1109A}, {0x1109B,0x110BA,0x1109C}, {0x110A5,0x110BA,0x110AB},
    {0x11131,0x11127,0x1112E}, {0x11132,0x11127,0x1112F}, {0x11347,0x1133E,0x1134B}, {0x11347,0x11357,0x1134C}, {0x11382,0x113C9,0x11383}, {0x11384,0x113BB,0x11385}, {0x1138B,0x113C2,0x1138E},
    {0x11390,0x113C9,0x11391}, {0x113C2,0x113B8,0x113C7}, {0x113C2,0x113C2,0x113C5}, {0x113C2,0x113C9,0x113C8}, {0x114B9,0x114B0,0x114BC}, {0x114B9,0x114BA,0x114BB}, {0x114B9,0x114BD,0x114BE},
    {0x115B8,0x115AF,0x115BA}, {0x115B9,0x115AF,0x115BB}, {0x11935,0x11930,0x11938}, {0x1611E,0x1611E,0x16121}, {0x1611E,0x1611F,0x16123}, {0x1611E,0x16120,0x16125}, {0x1611E,0x16129,0x16122},
    {0x16121,0x1611F,0x16126}, {0x16121,0x16120,0x16128}, {0x16122,0x1611F,0x16127}, {0x16129,0x1611F,0x16124}, {0x16D63,0x16D67,0x16D69}, {0x16D67,0x16D67,0x16D68}, {0x16D69,0x16D67,0x16D6A}, };
static const unsigned int rk_un_comp_n = 961;
